<!-- 
    @Date    : Jan 25, 2013
    @Author  : Ram Prakash, Sharath Puranik
    @Version : 1
 -->

<Quill lang="Bengali" script="Bengali" deffont="Vrinda" epsilon="u'\ue000'" >
    <preprocessor type="predictive" regex="r'(c)(?=[eiy])'" value="'s'" />
    <preprocessor type="predictive" regex="r'(c)(?!h)'" value="'k'" />
    <preprocessor type="predictive" regex="r'(ia)'" value="'iya'" />
    <preprocessor type="predictive" regex="r'(au)'" value="'ou'" />
    <preprocessor type="predictive" regex="r'(q)'" value="'k'" />
    <preprocessor type="predictive" regex="r'^(hum)$'" value="'ham'" />
    <preprocessor type="predictive" regex="r'([vw])'" value="'b'" />

    <preprocessor type="predictive" regex="r'(aa)'" value="'A'" />
    <preprocessor type="predictive" regex="r'(ee)'" value="'I'" />
    <preprocessor type="predictive" regex="r'(oo)'" value="'U'" />
    <preprocessor type="predictive" regex="r'(w)'" value="'v'" />
    <preprocessor type="predictive" regex="r'(ph)'" value="'f'" />
    <preprocessor type="predictive" regex="r'(x)'" value="'ksh'" />
    
    <valid-word-pattern regex="u'(_cons__nukta_?(_halanth_(_zwj_|_zwnj_)?_cons__nukta_?)*(_halanth_|(_mathra_?(_anusvara_|_visarga_|_chandra-bindu_)?))?|(_vowel_(_anusvara_|_visarga_|_chandra-bindu_)?)|_digit_(?![0-9])|[0-9](?!_digit_))+'" />
    
    <features unicode="u'\u200c'" >
        <properties>'zwnj'</properties>
        <producer regex="u'(_zwnj_)'" value="([''],[''])" />
    </features>
    <features unicode="u'\u200d'" >
        <properties>'zwj'</properties>
        <producer regex="u'(_zwj_)'" value="([''],[''])" />
    </features>
    <features unicode="u'\u0981'" >
        <properties>'.N','chandra-bindu','dot'</properties>
        <producer regex="u'(_.N_)'" value="(['.N'],['n','m'])" />
    </features>
    <features unicode="u'\u0982'" >
        <properties>'.n','anusvara','dot'</properties>
        <producer regex="u'(_.n_)(?:_cons1_)'" value="(['.n'],['n','m'])" />
        <producer regex="u'(_.n_)'" value="(['.n'],['n','m','ng'])" />
    </features>
    <features unicode="u'\u0983'" >
        <properties>'H','visarga','dot'</properties>
        <producer regex="u'(_H_)'" value="(['H'],['h'])" />
    </features>
    <features unicode="u'\u0985'" >
        <properties>'a','vowel','short'</properties>
        <producer regex="u'(_a_)'" value="(['a'],['a'])" />
    </features>
    <features unicode="u'\u0986'" >
        <properties>'A','vowel','long'</properties>
        <producer regex="u'(_A_)'" value="(['A'],['A','a'])" />
    </features>
    <features unicode="u'\u0987'" >
        <properties>'i','vowel','short'</properties>
        <producer regex="u'(?:_mathra_|_vowel_)(_i_)'" value="(['i'],['i','yi'])" />
        <producer regex="u'^(_i_)'" value="(['i'],['i','yi'])" />
        <producer regex="u'(_i_)'" value="(['i'],['i'])" />
    </features>
    <features unicode="u'\u0988'" >
        <properties>'I','vowel','long'</properties>
        <producer regex="u'(?:_mathra_|_vowel_)(_I_)'" value="(['I'],['I','i','yi','yI'])" />
        <producer regex="u'^(_I_)'" value="(['I'],['I','i','yi'])" />
        <producer regex="u'(_I_)'" value="(['I'],['I','i'])" />
    </features>
    <features unicode="u'\u0989'" >
        <properties>'u','vowel','short'</properties>
        <producer regex="u'(?:_mathra_|_vowel_)(_u_)'" value="(['u'],['u','vu'])" />
        <producer regex="u'^(_u_)'" value="(['u'],['u','vu'])" />
        <producer regex="u'(_u_)'" value="(['u'],['u'])" />
    </features>
    <features unicode="u'\u098a'" >
        <properties>'U','vowel','long'</properties>
        <producer regex="u'(?:_mathra_|_vowel_)(_U_)'" value="(['U'],['U','u','vu','vU'])" />
        <producer regex="u'^(_U_)'" value="(['U'],['U'])" />
        <producer regex="u'(_U_)'" value="(['U'],['U','u'])" />
    </features>
    <features unicode="u'\u098b'" >
        <properties>'RRi','vowel'</properties>
        <producer regex="u'(_RRi_)'" value="(['RRi'],['ri','ru'])" />
    </features>
    <features unicode="u'\u098c'" >
        <properties>'LLi','vowel'</properties>
        <producer regex="u'(_LLi_)'" value="(['LLi'],['li','lu'])" />
    </features>
    <features unicode="u'\u098f'" >
        <properties>'e','vowel','short'</properties>
        <producer regex="u'(?:_mathra_|_vowel_)(_e_)'" value="(['e'],['e','ye','ey'])" />
        <producer regex="u'^(_e_)'" value="(['e'],['e','ye'])" />
        <producer regex="u'(_e_)'" value="(['e'],['e'])" />
    </features>
    <features unicode="u'\u0990'" >
        <properties>'ai','vowel','long'</properties>
        <producer regex="u'(_ai_)'" value="(['ai'],['ai'])" />
    </features>
    <features unicode="u'\u0993'" >
        <properties>'o','vowel','long'</properties>
        <producer regex="u'(?:_mathra_|_vowel_)(_o_)'" value="(['o'],['o','vo'])" />
        <producer regex="u'(_o_)'" value="(['o'],['o'])" />
    </features>
    <features unicode="u'\u0994'" >
        <properties>'au','vowel','long'</properties>
        <producer regex="u'(_au_)'" value="(['au'],['ou'])" />
    </features>
    <features unicode="u'\u0995'" >
        <properties>'k','cons','cons1','unaspirated'</properties>
        <producer regex="u'(_k_)(?:_halanth_|_mathra_|$)'" value="(['k'],['k'])" />
        <producer regex="u'^(?&lt;=_cons__halanth_)(_k_)(?!_dot_|_cons_$)'" value="(['ko'],['ko','ka'])" />
        <producer regex="u'^(?&lt;=_cons__nukta__halanth_)(_k_)(?!_dot_|_cons_$)'" value="(['ko'],['ko','ka'])" />
        <producer regex="u'(?&lt;!^)(_k_)(?!_dot_|_cons_$)'" value="(['ko'],['ko','ka','k'])" />
        <producer regex="u'(_k_)'" value="(['ko'],['ko'])" />
       
        <producer regex="u'(_k_)_nukta_(?:_halanth_|_mathra_|$)'" value="(['k'],['k','q'])" />
        <producer regex="u'^(?&lt;=_cons__halanth_)(_k_)_nukta_(?!_dot_|_cons_$)'" value="(['ko'],['ko','ka','qo','qa'])" />
        <producer regex="u'^(?&lt;=_cons__nukta__halanth_)(_k_)_nukta_(?!_dot_|_cons_$)'" value="(['ko'],['ko','ka','qo','qa'])" />
        <producer regex="u'(?&lt;!^)(_k_)_nukta_(?!_dot_|_cons_$)'" value="(['ko'],['ko','ka','k','qo','qa','q'])" />
        <producer regex="u'(_k_)_nukta_'" value="(['ko'],['ko','ka','qo','qa'])" />
    </features>
    <features unicode="u'\u0996'" >
        <properties>'kh','cons','cons1','aspirated'</properties>
        <producer regex="u'(_kh_)_nukta_?(?:_halanth_|_mathra_|$)'" value="(['kh'],['kh'])" />
        <producer regex="u'^(?&lt;=_cons__halanth_)(_kh_)_nukta_?(?!_dot_|_cons_$)'" value="(['kho'],['kho','kha'])" />
        <producer regex="u'^(?&lt;=_cons__nukta__halanth_)(_kh_)_nukta_?(?!_dot_|_cons_$)'" value="(['kho'],['kho','kha'])" />
        <producer regex="u'(?&lt;!^)(_kh_)_nukta_?(?!_dot_|_cons_$)'" value="(['kho'],['kho','kha','kh'])" />
        <producer regex="u'(_kh_)_nukta_?'" value="(['kho'],['kho','kha'])" />
    </features>
    <features unicode="u'\u0997'" >
        <properties>'g','cons','cons1','unaspirated'</properties>
        <producer regex="u'(_g_)_nukta_?(?:_halanth_|_mathra_|$)'" value="(['g'],['g'])" />
        <producer regex="u'^(?&lt;=_cons__halanth_)(_g_)_nukta_?(?!_dot_|_cons_$)'" value="(['go'],['go','ga'])" />
        <producer regex="u'^(?&lt;=_cons__nukta__halanth_)(_g_)_nukta_?(?!_dot_|_cons_$)'" value="(['go'],['go','ga'])" />
        <producer regex="u'(?&lt;!^)(_g_)_nukta_?(?!_dot_|_cons_$)'" value="(['go'],['go','ga','g'])" />
        <producer regex="u'(_g_)_nukta_?'" value="(['go'],['go','ga'])" />
    </features>
    <features unicode="u'\u0998'" >
        <properties>'gh','cons','cons1','aspirated'</properties>
        <producer regex="u'(_gh_)_nukta_?(?:_halanth_|_mathra_|$)'" value="(['gh'],['gh'])" />
        <producer regex="u'^(?&lt;=_cons__halanth_)(_gh_)_nukta_?(?!_dot_|_cons_$)'" value="(['gho'],['gho','gha'])" />
        <producer regex="u'^(?&lt;=_cons__nukta__halanth_)(_gh_)_nukta_?(?!_dot_|_cons_$)'" value="(['gho'],['gho','gha'])" />
        <producer regex="u'(?&lt;!^)(_gh_)_nukta_?(?!_dot_|_cons_$)'" value="(['gho'],['gho','gha','gh'])" />
        <producer regex="u'(_gh_)_nukta_?'" value="(['gho'],['gho','gha'])" />
    </features>
    <features unicode="u'\u0999'" >
        <properties>'~N','cons','cons1','nasal'</properties>
        <producer regex="u'(_~N_)_nukta_?(?:_halanth_|_mathra_|$)'" value="(['~N'],['n'])" />
        <producer regex="u'^(?&lt;=_cons__halanth_)(_~N_)_nukta_?(?!_dot_|_cons_$)'" value="(['~N'],['no','na'])" />
        <producer regex="u'^(?&lt;=_cons__nukta__halanth_)(_~N_)_nukta_?(?!_dot_|_cons_$)'" value="(['~N'],['no','na'])" />
        <producer regex="u'(?&lt;!^)(_~N_)_nukta_?(?!_dot_|_cons_$)'" value="(['~N'],['no','na','n'])" />
        <producer regex="u'(_~N_)_nukta_?'" value="(['~No'],['no','na'])" />
    </features>
    <features unicode="u'\u099a'" >
        <properties>'ch','cons','cons2','unaspirated'</properties>
        <producer regex="u'(_ch_)_nukta_?(?:_halanth_|_mathra_|$)'" value="(['ch'],['ch'])" />
        <producer regex="u'^(?&lt;=_cons__halanth_)(_ch_)_nukta_?(?!_dot_|_cons_$)'" value="(['cho'],['cho','cha'])" />
        <producer regex="u'^(?&lt;=_cons__nukta__halanth_)(_ch_)_nukta_?(?!_dot_|_cons_$)'" value="(['cho'],['cho','cha'])" />
        <producer regex="u'(?&lt;!^)(_ch_)_nukta_?(?!_dot_|_cons_$)'" value="(['cho'],['cho','cha','ch'])" />
        <producer regex="u'(?:(?:_ch_|_Ch_)_nukta_?_halanth_)(_ch_)_nukta_?(?:_halanth_|_mathra_|$)'" value="(['ch'],['ch','h'])" />
        <producer regex="u'(?:(?:_ch_|_Ch_)_nukta_?_halanth_)(_ch_)_nukta_?(?!_dot_|_cons_$)'" value="(['cho'],['cho','cha','ho','ha'])" /> 
        <producer regex="u'(_ch_)_nukta_?'" value="(['cho'],['cho','cha'])" />
    </features>
    <features unicode="u'\u099b'" >
        <properties>'Ch','cons','cons2','aspirated'</properties>
        <producer regex="u'(_Ch_)_nukta_?(?:_halanth_|_mathra_|$)'" value="(['Ch'],['ch'])" />
        <producer regex="u'^(?&lt;=_cons__halanth_)(_Ch_)_nukta_?(?!_dot_|_cons_$)'" value="(['Cho'],['cho','cha'])" />
        <producer regex="u'^(?&lt;=_cons__nukta__halanth_)(_Ch_)_nukta_?(?!_dot_|_cons_$)'" value="(['Cho'],['cho','cha'])" />
        <producer regex="u'(?&lt;!^)(_Ch_)_nukta_?(?!_dot_|_cons_$)'" value="(['Cho'],['cho','cha','ch'])" />
        <producer regex="u'(?:(?:_ch_|_Ch_)_nukta_?_halanth_)(_Ch_)_nukta_?(?:_halanth_|_mathra_|$)'" value="(['ch'],['ch','h'])" />
        <producer regex="u'(?:(?:_ch_|_Ch_)_nukta_?_halanth_)(_Ch_)_nukta_?(?!_dot_|_cons_$)'" value="(['cho'],['cho','cha','ho','ha'])" />
        <producer regex="u'(_Ch_)_nukta_?'" value="(['Cho'],['cho','cha'])" />
    </features>
    <features unicode="u'\u099c'" >
        <properties>'j','cons','cons2','unaspirated'</properties>
        <producer regex="u'(_j_)(?:_halanth_|_mathra_|$)'" value="(['j'],['j'])" />
        <producer regex="u'^(?&lt;=_cons__halanth_)(_j_)(?!_dot_|_cons_$)'" value="(['j'],['jo','ja'])" />
        <producer regex="u'^(?&lt;=_cons__nukta__halanth_)(_j_)(?!_dot_|_cons_$)'" value="(['j'],['jo','ja'])" />
        <producer regex="u'(?&lt;!^)(_j_)(?!_dot_|_cons_$)'" value="(['j'],['jo','ja','j'])" />
        <producer regex="u'(_j_)_nukta_?(?:_halanth__~n_)'" value="(['j'],['j','g'])" />
		<producer regex="u'(_j_)'" value="(['jo'],['jo','ja'])" />

        <producer regex="u'(_j_)_nukta_(?:_halanth_|_mathra_|$)'" value="(['z'],['j','z'])" />
        <producer regex="u'^(?&lt;=_cons__halanth_)(_j_)_nukta_(?!_dot_|_cons_$)'" value="(['z'],['jo','ja','zo','za'])" />
        <producer regex="u'^(?&lt;=_cons__nukta__halanth_)(_j_)_nukta_(?!_dot_|_cons_$)'" value="(['z'],['jo','ja','zo','za'])" />
        <producer regex="u'(?&lt;!^)(_j_)_nukta_(?!_dot_|_cons_$)'" value="(['z'],['jo','ja','j','zo','za','z'])" />
        <producer regex="u'(_j_)_nukta_'" value="(['zo'],['jo','ja','zo','za'])" />
    </features>
    <features unicode="u'\u099d'" >
        <properties>'jh','cons','cons2','aspirated'</properties>
        <producer regex="u'(_jh_)_nukta_?(?:_halanth_|_mathra_|$)'" value="(['jh'],['jh'])" />
        <producer regex="u'^(?&lt;=_cons__halanth_)(_jh_)_nukta_?(?!_dot_|_cons_$)'" value="(['jho'],['jho','jha'])" />
        <producer regex="u'^(?&lt;=_cons__nukta__halanth_)(_jh_)_nukta_?(?!_dot_|_cons_$)'" value="(['jho'],['jho','jha'])" />
        <producer regex="u'(?&lt;!^)(_jh_)_nukta_?(?!_dot_|_cons_$)'" value="(['jho'],['jho','jha','jh'])" />
        <producer regex="u'(_jh_)_nukta_?'" value="(['jho'],['jho','jha'])" />
    </features>
    <features unicode="u'\u099e'" >
        <properties>'~n','cons','cons2','nasal'</properties>
        <producer regex="u'(_~n_)_nukta_?(?:_halanth_|_mathra_|$)'" value="(['~n'],['ny','n'])" />
        <producer regex="u'^(?&lt;=_cons__halanth_)(_~n_)_nukta_?(?!_dot_|_cons_$)'" value="(['~no'],['nyo','nya','no','na','ny'])" />
        <producer regex="u'^(?&lt;=_cons__nukta__halanth_)(_~n_)_nukta_?(?!_dot_|_cons_$)'" value="(['~no'],['nyo','nya','no','na','ny'])" />
        <producer regex="u'(?&lt;!^)(_~n_)_nukta_?(?!_dot_|_cons_$)'" value="(['~no'],['nyo','nya','no','na','ny','n'])" />
        <producer regex="u'(_j_)(_~n_)_nukta_?(?!_dot_|_cons_$)'" value="(['~o'],['yo','ya'])" />
        <producer regex="u'(_~n_)_nukta_?'" value="(['~no'],['nyo','nya','no','na'])" />
    </features>
    <features unicode="u'\u099f'" >
        <properties>'T','cons','cons3','unaspirated'</properties>
        <producer regex="u'(_T_)_nukta_?(?:_halanth_|_mathra_|$)'" value="(['T'],['t'])" />
        <producer regex="u'^(?&lt;=_cons__halanth_)(_T_)_nukta_?(?!_dot_|_cons_$)'" value="(['To'],['to','ta'])" />
        <producer regex="u'^(?&lt;=_cons__nukta__halanth_)(_T_)_nukta_?(?!_dot_|_cons_$)'" value="(['To'],['to','ta'])" />
        <producer regex="u'(?&lt;!^)(_T_)_nukta_?(?!_dot_|_cons_$)'" value="(['To'],['to','ta','t'])" />
        <producer regex="u'(_T_)_nukta_?'" value="(['To'],['to','ta'])" />
    </features>
    <features unicode="u'\u09a0'" >
        <properties>'Th','cons','cons3','aspirated'</properties>
        <producer regex="u'(_Th_)_nukta_?(?:_halanth_|_mathra_|$)'" value="(['Th'],['th'])" />
        <producer regex="u'^(?&lt;=_cons__halanth_)(_Th_)_nukta_?(?!_dot_|_cons_$)'" value="(['Tho'],['tho','tha'])" />
        <producer regex="u'^(?&lt;=_cons__nukta__halanth_)(_Th_)_nukta_?(?!_dot_|_cons_$)'" value="(['Tho'],['tho','tha'])" />
        <producer regex="u'(?&lt;!^)(_Th_)_nukta_?(?!_dot_|_cons_$)'" value="(['Tho'],['tho','tha','th'])" />
        <producer regex="u'(_Th_)_nukta_?'" value="(['Tho'],['tho','tha'])" />
    </features>
    <features unicode="u'\u09a1'" >
        <properties>'D','cons','cons3','unaspirated'</properties>
        <producer regex="u'(_D_)_nukta_(?:_halanth_|_mathra_|$)'" value="(['r'],['r'])" />
        <producer regex="u'(_D_)(?:_halanth_|_mathra_|$)'" value="(['D'],['d'])" />
        <producer regex="u'^(?&lt;=_cons__halanth_)(_D_)_nukta_(?!_dot_|_cons_$)'" value="(['Do'],['ro','ra'])" />
        <producer regex="u'^(?&lt;=_cons__nukta__halanth_)(_D_)_nukta_(?!_dot_|_cons_$)'" value="(['Do'],['ro','ra'])" />
        <producer regex="u'(?&lt;!^)(_D_)_nukta_(?!_dot_|_cons_$)'" value="(['Do'],['ro','ra','r'])" />
        <producer regex="u'^(?&lt;=_cons__halanth_)(_D_)(?!_dot_|_cons_$)'" value="(['Do'],['do','da'])" />
        <producer regex="u'^(?&lt;=_cons__nukta__halanth_)(_D_)(?!_dot_|_cons_$)'" value="(['Do'],['do','da'])" />
        <producer regex="u'(?&lt;!^)(_D_)(?!_dot_|_cons_$)'" value="(['Do'],['do','da','d'])" />
        <producer regex="u'(_D_)_nukta_'" value="(['Do'],['ro','ra'])" />
        <producer regex="u'(_D_)'" value="(['Do'],['do','da'])" />
    </features>
    <features unicode="u'\u09a2'" >
        <properties>'Dh','cons','cons3','aspirated'</properties>
        <producer regex="u'(_Dh_)_nukta_(?:_halanth_|_mathra_|$)'" value="(['Dh'],['r','rh'])" />
        <producer regex="u'(_Dh_)(?:_halanth_|_mathra_|$)'" value="(['Dh'],['dh'])" />
        <producer regex="u'^(?&lt;=_cons__halanth_)(_Dh_)_nukta_(?!_dot_|_cons_$)'" value="(['Dho'],['rho','rha','ro','ra'])" />
        <producer regex="u'^(?&lt;=_cons__nukta__halanth_)(_Dh_)_nukta_(?!_dot_|_cons_$)'" value="(['Dho'],['rho','rha','ro','ra'])" />
        <producer regex="u'(?&lt;!^)(_Dh_)_nukta_(?!_dot_|_cons_$)'" value="(['Dho'],['rho','rha','rh','ro','ra','r'])" />
        <producer regex="u'^(?&lt;=_cons__halanth_)(_Dh_)(?!_dot_|_cons_$)'" value="(['Dho'],['dho','dha'])" />
        <producer regex="u'^(?&lt;=_cons__nukta__halanth_)(_Dh_)(?!_dot_|_cons_$)'" value="(['Dho'],['dho','dha'])" />
        <producer regex="u'(?&lt;!^)(_Dh_)(?!_dot_|_cons_$)'" value="(['Dho'],['dho','dha','dh'])" />
        <producer regex="u'(_Dh_)_nukta_'" value="(['Dho'],['rho','rha','ro','ra'])" />
        <producer regex="u'(_Dh_)'" value="(['Dho'],['dho','dha'])" />
    </features>
    <features unicode="u'\u09a3'" >
        <properties>'N','cons','cons3','nasal'</properties>
        <producer regex="u'(_N_)_nukta_?(?:_halanth_|_mathra_|$)'" value="(['N'],['n'])" />
        <producer regex="u'^(?&lt;=_cons__halanth_)(_N_)_nukta_?(?!_dot_|_cons_$)'" value="(['No'],['no','na'])" />
        <producer regex="u'^(?&lt;=_cons__nukta__halanth_)(_N_)_nukta_?(?!_dot_|_cons_$)'" value="(['No'],['no','na'])" />
        <producer regex="u'(?&lt;!^)(_N_)_nukta_?(?!_dot_|_cons_$)'" value="(['No'],['no','na','n'])" />
        <producer regex="u'(_N_)_nukta_?'" value="(['No'],['no','na'])" />
    </features>
    <features unicode="u'\u09a4'" >
        <properties>'t','cons','cons4','unaspirated'</properties>
        <producer regex="u'(_t_)_nukta_?(?:_halanth_|_mathra_|$)'" value="(['t'],['t','th'])" />
        <producer regex="u'^(?&lt;=_cons__halanth_)(_t_)_nukta_?(?!_dot_|_cons_$)'" value="(['t'],['to','ta','tho','tha'])" />
        <producer regex="u'^(?&lt;=_cons__nukta__halanth_)(_t_)_nukta_?(?!_dot_|_cons_$)'" value="(['t'],['to','ta','tho','tha'])" />
        <producer regex="u'(?&lt;!^)(_t_)_nukta_?(?!_dot_|_cons_$)'" value="(['t'],['t','to','ta','tho','tha','th'])" />
        <producer regex="u'(_t_)_nukta_?'" value="(['to'],['to','ta','tho','tha'])" />
    </features>
    <features unicode="u'\u09a5'" >
        <properties>'th','cons','cons4','aspirated'</properties>
        <producer regex="u'(_th_)_nukta_?(?:_halanth_|_mathra_|$)'" value="(['th'],['th'])" />
        <producer regex="u'^(?&lt;=_cons__halanth_)(_th_)_nukta_?(?!_dot_|_cons_$)'" value="(['tho'],['tho','tha'])" />
        <producer regex="u'^(?&lt;=_cons__nukta__halanth_)(_th_)_nukta_?(?!_dot_|_cons_$)'" value="(['tho'],['tho','tha'])" />
        <producer regex="u'(?&lt;!^)(_th_)_nukta_?(?!_dot_|_cons_$)'" value="(['tho'],['tho','tha','th'])" />
        <producer regex="u'(_th_)_nukta_?'" value="(['tho'],['tho','tha'])" />
    </features>
    <features unicode="u'\u09a6'" >
        <properties>'d','cons','cons4','aspirated'</properties>
        <producer regex="u'(_d_)_nukta_?(?:_halanth_|_mathra_|$)'" value="(['d'],['d'])" />
        <producer regex="u'^(?&lt;=_cons__halanth_)(_d_)_nukta_?(?!_dot_|_cons_$)'" value="(['do'],['do','da'])" />
        <producer regex="u'^(?&lt;=_cons__nukta__halanth_)(_d_)_nukta_?(?!_dot_|_cons_$)'" value="(['do'],['do','da'])" />
        <producer regex="u'(?&lt;!^)(_d_)_nukta_?(?!_dot_|_cons_$)'" value="(['do'],['do','da','d'])" />
        <producer regex="u'(_d_)_nukta_?'" value="(['do'],['do','da'])" />
    </features>
    <features unicode="u'\u09a7'" >
        <properties>'dh','cons','cons4','aspirated'</properties>
        <producer regex="u'(_dh_)_nukta_?(?:_halanth_|_mathra_|$)'" value="(['dh'],['dh'])" />
        <producer regex="u'^(?&lt;=_cons__halanth_)(_dh_)_nukta_?(?!_dot_|_cons_$)'" value="(['dho'],['dho','dha'])" />
        <producer regex="u'^(?&lt;=_cons__nukta__halanth_)(_dh_)_nukta_?(?!_dot_|_cons_$)'" value="(['dho'],['dho','dha'])" />
        <producer regex="u'(?&lt;!^)(_dh_)_nukta_?(?!_dot_|_cons_$)'" value="(['dho'],['dho','dha','dh'])" />
        <producer regex="u'(_dh_)_nukta_?'" value="(['dho'],['dho','dha'])" />
    </features>
    <features unicode="u'\u09a8'" >
        <properties>'n','cons','cons4','nasal'</properties>
        <producer regex="u'(_n_)_nukta_?(?:_halanth_|_mathra_|$)'" value="(['n'],['n'])" />
        <producer regex="u'^(?&lt;=_cons__halanth_)(_n_)_nukta_?(?!_dot_|_cons_$)'" value="(['no'],['no','na'])" />
        <producer regex="u'^(?&lt;=_cons__nukta__halanth_)(_n_)_nukta_?(?!_dot_|_cons_$)'" value="(['no'],['no','na'])" />
        <producer regex="u'(?&lt;!^)(_n_)_nukta_?(?!_dot_|_cons_$)'" value="(['no'],['no','na','n'])" />
        <producer regex="u'(_n_)_nukta_?'" value="(['no'],['no','na'])" />
    </features>
    <features unicode="u'\u09aa'" >
        <properties>'p','cons','cons5','unaspirated'</properties>
        <producer regex="u'(_p_)_nukta_?(?:_halanth_|_mathra_|$)'" value="(['p'],['p'])" />
        <producer regex="u'^(?&lt;=_cons__halanth_)(_p_)_nukta_?(?!_dot_|_cons_$)'" value="(['po'],['po','pa'])" />
        <producer regex="u'^(?&lt;=_cons__nukta__halanth_)(_p_)_nukta_?(?!_dot_|_cons_$)'" value="(['po'],['po','pa'])" />
        <producer regex="u'(?&lt;!^)(_p_)_nukta_?(?!_dot_|_cons_$)'" value="(['po'],['po','pa','p'])" />
        <producer regex="u'(_p_)_nukta_?'" value="(['po'],['po','pa'])" />
    </features>
    <features unicode="u'\u09ab'" >
        <properties>'ph','cons','cons5','aspirated'</properties>
        <producer regex="u'(_ph_)_nukta_?(?:_halanth_|_mathra_|$)'" value="(['f'],['f'])" />
        <producer regex="u'^(?&lt;=_cons__halanth_)(_ph_)_nukta_?(?!_dot_|_cons_$)'" value="(['fo'],['fo','fa'])" />
        <producer regex="u'^(?&lt;=_cons__nukta__halanth_)(_ph_)_nukta_?(?!_dot_|_cons_$)'" value="(['fo'],['fo','fa'])" />
        <producer regex="u'(?&lt;!^)(_ph_)_nukta_?(?!_dot_|_cons_$)'" value="(['fo'],['fo','fa','f'])" />
        <producer regex="u'(_ph_)_nukta_?'" value="(['fo'],['fo','fa'])" />
    </features>
    <features unicode="u'\u09ac'" >
        <properties>'b','cons','cons5','unaspirated'</properties>
        <producer regex="u'(_b_)_nukta_?(?:_halanth_|_mathra_|$)'" value="(['b'],['b'])" />
        <producer regex="u'^(?&lt;=_cons__halanth_)(_b_)_nukta_?(?!_dot_|_cons_$)'" value="(['bo'],['bo','ba'])" />
        <producer regex="u'^(?&lt;=_cons__nukta__halanth_)(_b_)_nukta_?(?!_dot_|_cons_$)'" value="(['bo'],['bo','ba'])" />
        <producer regex="u'(?&lt;!^)(_b_)_nukta_?(?!_dot_|_cons_$)'" value="(['bo'],['bo','ba','b'])" />
        <producer regex="u'(_b_)_nukta_?'" value="(['bo'],['bo','ba'])" />
    </features>
    <features unicode="u'\u09ad'" >
        <properties>'bh','cons','cons5','aspirated'</properties>
        <producer regex="u'(_bh_)_nukta_?(?:_halanth_|_mathra_|$)'" value="(['bh'],['bh'])" />
        <producer regex="u'^(?&lt;=_cons__halanth_)(_bh_)_nukta_?(?!_dot_|_cons_$)'" value="(['bho'],['bho','bha'])" />
        <producer regex="u'^(?&lt;=_cons__nukta__halanth_)(_bh_)_nukta_?(?!_dot_|_cons_$)'" value="(['bho'],['bho','bha'])" />
        <producer regex="u'(?&lt;!^)(_bh_)_nukta_?(?!_dot_|_cons_$)'" value="(['bho'],['bho','bha','bh'])" />
        <producer regex="u'(_bh_)_nukta_?'" value="(['bho'],['bho','bha'])" />
    </features>
    <features unicode="u'\u09ae'" >
        <properties>'m','cons','cons5','nasal'</properties>
        <producer regex="u'(_m_)_nukta_?(?:_halanth_|_mathra_|$)'" value="(['m'],['m'])" />
        <producer regex="u'^(?&lt;=_cons__halanth_)(_m_)_nukta_?(?!_dot_|_cons_$)'" value="(['mo'],['mo','ma'])" />
        <producer regex="u'^(?&lt;=_cons__nukta__halanth_)(_m_)_nukta_?(?!_dot_|_cons_$)'" value="(['mo'],['mo','ma'])" />
        <producer regex="u'(?&lt;!^)(_m_)_nukta_?(?!_dot_|_cons_$)'" value="(['mo'],['mo','ma','m'])" />
        <producer regex="u'(_m_)_nukta_?'" value="(['mo'],['mo','ma'])" />
    </features>
    <features unicode="u'\u09af'" >
        <properties>'y','cons','semi-vowel'</properties>
        <producer regex="u'_halanth_(_y_)(?:_halanth_|_mathra_|$)'" value="(['y'],['y'])" />
        <producer regex="u'(?&lt;=_h_)_halanth_?(_y_)(?:_halanth_|_mathra_|$)'" value="(['y'],['y'])" />
        <producer regex="u'(_y_)(?:_halanth_|_mathra_|$)'" value="(['y'],['j'])" />
        <producer regex="u'(_y_)_nukta_(?:_halanth_|_mathra_|$)'" value="(['y'],['y'])" />
        <producer regex="u'^(?&lt;=_cons__halanth_)(_y_)(?!_dot_|_cons_$)'" value="(['yo'],['jo','ja'])" />
        <producer regex="u'^(?&lt;=_cons__nukta__halanth_)(_y_)(?!_dot_|_cons_$)'" value="(['yo'],['jo','ja'])" />
        <producer regex="u'(?&lt;!^)(_y_)(?!_dot_|_cons_$)'" value="(['yo'],['jo','ja','j'])" />
        <producer regex="u'^(?&lt;=_cons__halanth_)(_y_)_nukta_(?!_dot_|_cons_$)'" value="(['yo'],['yo','ya'])" />
        <producer regex="u'^(?&lt;=_cons__nukta__halanth_)(_y_)_nukta_(?!_dot_|_cons_$)'" value="(['yo'],['yo','ya'])" />
        <producer regex="u'(?&lt;!^)(_y_)_nukta_(?!_dot_|_cons_$)'" value="(['yo'],['yo','ya','y'])" />
        <producer regex="u'(_y_)_nukta_'" value="(['yo'],['yo','ya'])" />
        <producer regex="u'(_y_)'" value="(['yo'],['jo','ja'])" />
    </features>
    <features unicode="u'\u09b0'" >
        <properties>'r','cons','semi-vowel'</properties>
        <producer regex="u'(_r_)_nukta_?(?:_halanth_|_mathra_|$)'" value="(['r'],['r'])" />
        <producer regex="u'^(?&lt;=_cons__halanth_)(_r_)_nukta_?(?!_dot_|_cons_$)'" value="(['ro'],['ro','ra'])" />
        <producer regex="u'^(?&lt;=_cons__nukta__halanth_)(_r_)_nukta_?(?!_dot_|_cons_$)'" value="(['ro'],['ro','ra'])" />
        <producer regex="u'(?&lt;!^)(_r_)_nukta_?(?!_dot_|_cons_$)'" value="(['ro'],['ro','ra','r'])" />
        <producer regex="u'(_r_)_nukta_?'" value="(['ro'],['ro','ra'])" />
    </features>
    <features unicode="u'\u09b2'" >
        <properties>'l','cons','semi-vowel'</properties>
        <producer regex="u'(_l_)_nukta_?(?:_halanth_|_mathra_|$)'" value="(['l'],['l'])" />
        <producer regex="u'^(?&lt;=_cons__halanth_)(_l_)_nukta_?(?!_dot_|_cons_$)'" value="(['lo'],['lo','la'])" />
        <producer regex="u'^(?&lt;=_cons__nukta__halanth_)(_l_)_nukta_?(?!_dot_|_cons_$)'" value="(['lo'],['lo','la'])" />
        <producer regex="u'(?&lt;!^)(_l_)_nukta_?(?!_dot_|_cons_$)'" value="(['lo'],['lo','la','l'])" />
        <producer regex="u'(_l_)_nukta_?'" value="(['lo'],['lo','la'])" />
    </features>
    <features unicode="u'\u09b6'" >
        <properties>'sh','cons','cons6'</properties>
        <producer regex="u'(_sh_)_nukta_?(?:_halanth_|_mathra_|$)'" value="(['sh'],['sh'])" />
        <producer regex="u'^(?&lt;=_cons__halanth_)(_sh_)_nukta_?(?!_dot_|_cons_$)'" value="(['sho'],['sho','sha'])" />
        <producer regex="u'^(?&lt;=_cons__nukta__halanth_)(_sh_)_nukta_?(?!_dot_|_cons_$)'" value="(['sho'],['sho','sha'])" />
        <producer regex="u'(?&lt;!^)(_sh_)_nukta_?(?!_dot_|_cons_$)'" value="(['sho'],['sho','sha','sh'])" />
        <producer regex="u'(_sh_)_nukta_?'" value="(['sho'],['sho','sha'])" />
    </features>
    <features unicode="u'\u09b7'" >
        <properties>'Sh','cons','cons6'</properties>
        <producer regex="u'(_Sh_)_nukta_?(?:_halanth_|_mathra_|$)'" value="(['Sh'],['sh'])" />
        <producer regex="u'^(?&lt;=_cons__halanth_)(_Sh_)_nukta_?(?!_dot_|_cons_$)'" value="(['Sho'],['sho','sha'])" />
        <producer regex="u'^(?&lt;=_cons__nukta__halanth_)(_Sh_)_nukta_?(?!_dot_|_cons_$)'" value="(['Sho'],['sho','sha'])" />
        <producer regex="u'(?&lt;!^)(_Sh_)_nukta_?(?!_dot_|_cons_$)'" value="(['Sho'],['sho','sha','sh'])" />
        <producer regex="u'(_Sh_)_nukta_?'" value="(['Sho'],['sho','sha'])" />
    </features>
    <features unicode="u'\u09b8'" >
        <properties>'s','cons','cons6'</properties>
        <producer regex="u'(_s_)_nukta_?(?:_halanth_|_mathra_|$)'" value="(['s'],['s','sh'])" />
        <producer regex="u'^(?&lt;=_cons__halanth_)(_s_)_nukta_?(?!_dot_|_cons_$)'" value="(['so'],['so','sa','sho','sha'])" />
        <producer regex="u'^(?&lt;=_cons__nukta__halanth_)(_s_)_nukta_?(?!_dot_|_cons_$)'" value="(['so'],['so','sa','sho','sha'])" />
        <producer regex="u'(?&lt;!^)(_s_)_nukta_?(?!_dot_|_cons_$)'" value="(['so'],['so','sa','s','sho','sha','sh'])" />
        <producer regex="u'(_s_)_nukta_?'" value="(['so'],['so','sa','sho','sha'])" />
    </features>
    <features unicode="u'\u09b9'" >
        <properties>'h','cons','cons6'</properties>
        <producer regex="u'(_h_)_nukta_?(?:_halanth_|_mathra_|$)'" value="(['h'],['h'])" />
        <producer regex="u'^(?&lt;=_cons__halanth_)(_h_)_nukta_?(?!_dot_|_cons_$)'" value="(['ho'],['ho','ha'])" />
        <producer regex="u'^(?&lt;=_cons__nukta__halanth_)(_h_)_nukta_?(?!_dot_|_cons_$)'" value="(['ho'],['ho','ha'])" />
        <producer regex="u'(?&lt;!^)(_h_)_nukta_?(?!_dot_|_cons_$)'" value="(['ho'],['ho','ha','h'])" />
        <producer regex="u'(_h_)_nukta_?'" value="(['ho'],['ho','ha'])" />
    </features>
    <features unicode="u'\u09bc'" >
        <properties>'nukta'</properties>
        <producer regex="u'(_nukta_)'" value="([''],[''])" />
    </features>
    <features unicode="u'\u09bd'" >
        <properties>'avagraha'</properties>
        <producer regex="u'(_avagraha_)'" value="([''],[''])" />
    </features>
    <features unicode="u'\u09be'" >
        <properties>'A0','mathra','long'</properties>
        <producer regex="u'(_A0_)'" value="(['A'],['A','a'])" />
    </features>
    <features unicode="u'\u09bf'" >
        <properties>'i0','mathra','short'</properties>
        <producer regex="u'(_i0_)'" value="(['i'],['i'])" />
    </features>
    <features unicode="u'\u09c0'" >
        <properties>'I0','mathra','long'</properties>
        <producer regex="u'(_I0_)'" value="(['I'],['I','i'])" />
    </features>
    <features unicode="u'\u09c1'" >
        <properties>'u0','mathra','short'</properties>
        <producer regex="u'(_u0_)'" value="(['u'],['u'])" />
    </features>
    <features unicode="u'\u09c2'" >
        <properties>'U0','mathra','long'</properties>
        <producer regex="u'(_U0_)'" value="(['U'],['U','u'])" />
    </features>
    <features unicode="u'\u09c3'" >
        <properties>'RRi0','mathra'</properties>
        <producer regex="u'(_RRi0_)'" value="(['RRi'],['ri','ru'])" />
    </features>
    <features unicode="u'\u09c4'" >
        <properties>'RRI0','mathra'</properties>
        <producer regex="u'(_RRI0_)'" value="(['RRI'],['roo'])" />
    </features>
    <features unicode="u'\u09c7'" >
        <properties>'E0','mathra','long'</properties>
        <producer regex="u'(_E0_)(?:_anusvara_|_chandra-bindu_)'" value="(['e'],['e','ei'])" />
        <producer regex="u'(_E0_)'" value="(['e'],['e'])" />
    </features>
    <features unicode="u'\u09c8'" >
        <properties>'ai0','mathra','long'</properties>
        <producer regex="u'(_ai0_)'" value="(['ai'],['ai'])" />
    </features>
    <features unicode="u'\u09cb'" >
        <properties>'O0','mathra','long'</properties>
        <producer regex="u'(_O0_)'" value="(['o'],['o'])" />
    </features>
    <features unicode="u'\u09cc'" >
        <properties>'au0','mathra','long'</properties>
        <producer regex="u'(_au0_)'" value="(['au'],['ou'])" />
    </features>
    <features unicode="u'\u09cd'" >
        <properties>'halanth'</properties>
        <producer regex="u'(_halanth_)'" value="([''],[''])" />
    </features>
    <features unicode="u'\u09e6'" >
        <properties>'0','digit'</properties>
        <producer regex="u'(_0_)'" value="(['0'],['0'])" />
    </features>
    <features unicode="u'\u09e7'" >
        <properties>'1','digit'</properties>
        <producer regex="u'(_1_)'" value="(['1'],['1'])" />
    </features>
    <features unicode="u'\u09e8'" >
        <properties>'2','digit'</properties>
        <producer regex="u'(_2_)'" value="(['2'],['2'])" />
    </features>
    <features unicode="u'\u09e9'" >
        <properties>'3','digit'</properties>
        <producer regex="u'(_3_)'" value="(['3'],['3'])" />
    </features>
    <features unicode="u'\u09ea'" >
        <properties>'4','digit'</properties>
        <producer regex="u'(_4_)'" value="(['4'],['4'])" />
    </features>
    <features unicode="u'\u09eb'" >
        <properties>'5','digit'</properties>
        <producer regex="u'(_5_)'" value="(['5'],['5'])" />
    </features>
    <features unicode="u'\u09ec'" >
        <properties>'6','digit'</properties>
        <producer regex="u'(_6_)'" value="(['6'],['6'])" />
    </features>
    <features unicode="u'\u09ed'" >
        <properties>'7','digit'</properties>
        <producer regex="u'(_7_)'" value="(['7'],['7'])" />
    </features>
    <features unicode="u'\u09ee'" >
        <properties>'8','digit'</properties>
        <producer regex="u'(_8_)'" value="(['8'],['8'])" />
    </features>
    <features unicode="u'\u09ef'" >
        <properties>'9','digit'</properties>
        <producer regex="u'(_9_)'" value="(['9'],['9'])" />
    </features>
    <features unicode="u'\u09ce'" >
        <properties>'khandata','cons','cons4','unaspirated'</properties>
        <producer regex="u'(_t_)_nukta_?(?:_halanth_|_mathra_|$)'" value="(['t'],['th'])" />
        <producer regex="u'^(?&lt;=_cons__halanth_)(_t_)_nukta_?(?!_dot_|_cons_$)'" value="(['t'],['tho','tha'])" />
        <producer regex="u'^(?&lt;=_cons__nukta__halanth_)(_t_)_nukta_?(?!_dot_|_cons_$)'" value="(['t'],['tho','tha'])" />
        <producer regex="u'(?&lt;!^)(_t_)_nukta_?(?!_dot_|_cons_$)'" value="(['t'],['tho','tha','th'])" />
        <producer regex="u'(_t_)_nukta_?'" value="(['to'],['tho','tha'])" />
    </features>
    <features unicode="u'\u09d7'" >
        <properties>'au1'</properties>
        <producer regex="u'(_au1_)'" value="(['oi'],['oi','oy'])" />
    </features>
    <features unicode="u'\u09dc'" >
        <properties>'R','cons','semi-vowel'</properties>
        <producer regex="u'(_R_)_nukta_?(?:_halanth_|_mathra_|$)'" value="(['r'],['r'])" />
        <producer regex="u'^(?&lt;=_cons__halanth_)(_R_)_nukta_?(?!_dot_|_cons_$)'" value="(['ro'],['ro','ra'])" />
        <producer regex="u'^(?&lt;=_cons__nukta__halanth_)(_R_)_nukta_?(?!_dot_|_cons_$)'" value="(['ro'],['ro','ra'])" />
        <producer regex="u'(?&lt;!^)(_R_)_nukta_?(?!_dot_|_cons_$)'" value="(['ro'],['ro','ra','r'])" />
        <producer regex="u'(_R_)_nukta_?'" value="(['ro'],['ro','ra'])" />
    </features>
    <features unicode="u'\u09dc'" >
        <properties>'R','cons','semi-vowel'</properties>
        <producer regex="u'(_R_)_nukta_?(?:_halanth_|_mathra_|$)'" value="(['r'],['r'])" />
        <producer regex="u'^(?&lt;=_cons__halanth_)(_R_)_nukta_?(?!_dot_|_cons_$)'" value="(['ro'],['ro','ra'])" />
        <producer regex="u'^(?&lt;=_cons__nukta__halanth_)(_R_)_nukta_?(?!_dot_|_cons_$)'" value="(['ro'],['ro','ra'])" />
        <producer regex="u'(?&lt;!^)(_R_)_nukta_?(?!_dot_|_cons_$)'" value="(['ro'],['ro','ra','r'])" />
        <producer regex="u'(_R_)_nukta_?'" value="(['ro'],['ro','ra'])" />
    </features>
    <features unicode="u'\u09dd'" >
        <properties>'Rha','cons','semi-vowel'</properties>
        <producer regex="u'(_Rha_)_nukta_?(?:_halanth_|_mathra_|$)'" value="(['r'],['r'])" />
        <producer regex="u'^(?&lt;=_cons__halanth_)(_Rha_)_nukta_?(?!_dot_|_cons_$)'" value="(['ro'],['ro','ra'])" />
        <producer regex="u'^(?&lt;=_cons__nukta__halanth_)(_Rha_)_nukta_?(?!_dot_|_cons_$)'" value="(['ro'],['ro','ra'])" />
        <producer regex="u'(?&lt;!^)(_Rha_)_nukta_?(?!_dot_|_cons_$)'" value="(['ro'],['ro','ra','r'])" />
        <producer regex="u'(_Rha_)_nukta_?'" value="(['ro'],['ro'])" />
    </features>
    <features unicode="u'\u09df'" >
        <properties>'Y','cons','semi-vowel'</properties>
        <producer regex="u'(_Y_)_nukta_?(?:_halanth_|_mathra_|$)'" value="(['y'],['y'])" />
        <producer regex="u'^(?&lt;=_cons__halanth_)(_Y_)_nukta_?(?!_dot_|_cons_$)'" value="(['yo'],['yo','ya'])" />
        <producer regex="u'^(?&lt;=_cons__nukta__halanth_)(_Y_)_nukta_?(?!_dot_|_cons_$)'" value="(['yo'],['yo','ya'])" />
        <producer regex="u'(?&lt;!^)(_Y_)_nukta_?(?!_dot_|_cons_$)'" value="(['yo'],['yo','ya','y'])" />
        <producer regex="u'(_Y_)_nukta_?'" value="(['yo'],['yo','ya'])" />
    </features>
    <features unicode="u'\u09f0'" >
        <properties>'R1','cons','semi-vowel'</properties>
        <producer regex="u'(_R1_)_nukta_?(?:_halanth_|_mathra_|$)'" value="(['r'],['r'])" />
        <producer regex="u'^(?&lt;=_cons__halanth_)(_R1_)_nukta_?(?!_dot_|_cons_$)'" value="(['ro'],['ro','ra'])" />
        <producer regex="u'^(?&lt;=_cons__nukta__halanth_)(_R1_)_nukta_?(?!_dot_|_cons_$)'" value="(['ro'],['ro','ra'])" />
        <producer regex="u'(?&lt;!^)(_R1_)_nukta_?(?!_dot_|_cons_$)'" value="(['ro'],['ro','ra','r'])" />
        <producer regex="u'(_R1_)_nukta_?'" value="(['ro'],['ro','ra'])" />
    </features>
    <features unicode="u'\u09f1'" >
        <properties>'R2','cons','semi-vowel'</properties>
        <producer regex="u'(_R2_)_nukta_?(?:_halanth_|_mathra_|$)'" value="(['r'],['r'])" />
        <producer regex="u'^(?&lt;=_cons__halanth_)(_R2_)_nukta_?(?!_dot_|_cons_$)'" value="(['ro'],['ro','ra'])" />
        <producer regex="u'^(?&lt;=_cons__nukta__halanth_)(_R2_)_nukta_?(?!_dot_|_cons_$)'" value="(['ro'],['ro','ra'])" />
        <producer regex="u'(?&lt;!^)(_R2_)_nukta_?(?!_dot_|_cons_$)'" value="(['ro'],['ro','ra','r'])" />
        <producer regex="u'(_R2_)_nukta_?'" value="(['ro'],['ro','ra'])" />
    </features>
</Quill>
