<!-- 
    @Date    : Jan 25, 2013
    @Author  : Ram Prakash, Sharath Puranik
    @Version : 1
 -->

<Quill lang="Kannada" script="Kannada" deffont="Tunga" epsilon="u'\ue000'" >
    <preprocessor type="predictive" regex="r'(c)(?=[eiy])'" value="'s'" />
    <preprocessor type="predictive" regex="r'(c)(?!h)'" value="'k'" />
    <preprocessor type="predictive" regex="r'(ia)'" value="'iya'" />
    <preprocessor type="predictive" regex="r'(au)'" value="'ou'" />
    <preprocessor type="predictive" regex="r'(aa)'" value="'A'" />
    <preprocessor type="predictive" regex="r'(ee)'" value="'I'" />
    <preprocessor type="predictive" regex="r'(oo)'" value="'U'" />
    <preprocessor type="predictive" regex="r'(w)'" value="'v'" />
    <preprocessor type="predictive" regex="r'(ph)'" value="'f'" />
    <preprocessor type="predictive" regex="r'(x)'" value="'ksh'" />
    
    <!--
    word = (cons nukta? (halanth (zwj|zwnj)? cons nukta?)*(halanth | (mathra dot?))? | (vowel dot?))+
    old = u'(((_cons__nukta_?_halanth_?(_zwj_|_zwnj_)?)+_mathra_?|_vowel_)(_anusvara_|_visarga_|_chandra-bindu_)?)+'
    -->
    <valid-word-pattern regex="u'(_cons__nukta_?(_halanth_(_zwj_|_zwnj_)?_cons__nukta_?)*(_halanth_|(_mathra_?(_anusvara_|_visarga_|_chandra-bindu_)?))?|(_vowel_(_anusvara_|_visarga_|_chandra-bindu_)?)|_digit_(?![0-9])|[0-9](?!_digit_))+'" />

    <features unicode="u'\u200c'" >
        <properties>'zwnj'</properties>
        <producer regex="u'(_zwnj_)'" value="([''],[''])" />
    </features>
    <features unicode="u'\u200d'" >
        <properties>'zwj'</properties>
        <producer regex="u'(_zwj_)'" value="([''],[''])" />
    </features>
    
    <features unicode="u'\u0c82'" >
        <properties>'.n','anusvara','dot'</properties>
        <producer regex="u'(_.n_)'" value="(['.n'],['n','m'])" />
    </features>
    <features unicode="u'\u0c83'" >
        <properties>'H','visarga','dot'</properties>
        <producer regex="u'(_H_)'" value="(['H'],['h'])" />
    </features>
    <features unicode="u'\u0c85'" >
        <properties>'a','vowel','short'</properties>
        <producer regex="u'(_a_)'" value="(['a'],['a'])" />
    </features>
    <features unicode="u'\u0c86'" >
        <properties>'A','vowel','long'</properties>
        <producer regex="u'(_A_)'" value="(['A'],['A','a'])" />
    </features>
    <features unicode="u'\u0c87'" >
        <properties>'i','vowel','short'</properties>
        <producer regex="u'^(_i_)'" value="(['i'],['i','yi'])" />
        <producer regex="u'(_i_)'" value="(['i'],['i'])" />
    </features>
    <features unicode="u'\u0c88'" >
        <properties>'I','vowel','long'</properties>
        <producer regex="u'^(_I_)'" value="(['I'],['I','i','yi'])" />
        <producer regex="u'(_I_)'" value="(['I'],['I','i'])" />
    </features>
    <features unicode="u'\u0c89'" >
        <properties>'u','vowel','short'</properties>
        <producer regex="u'^(_u_)'" value="(['u'],['u','vu'])" />
        <producer regex="u'(_u_)'" value="(['u'],['u'])" />
    </features>
    <features unicode="u'\u0c8a'" >
        <properties>'U','vowel','long'</properties>
        <producer regex="u'^(_U_)'" value="(['U'],['U'])" />
        <producer regex="u'(_U_)'" value="(['U'],['U','u'])" />
    </features>
    <features unicode="u'\u0c8b'" >
        <properties>'RRi','vowel'</properties>
        <producer regex="u'(_RRi_)'" value="(['RRi'],['ri','ru'])" />
    </features>
    <features unicode="u'\u0ce0'" >
        <properties>'RRI','vowel'</properties>
        <producer regex="u'(_RRI_)'" value="(['RRI'],['roo'])" />
    </features>    
    <features unicode="u'\u0c8e'" >
        <properties>'e','vowel','short'</properties>
        <producer regex="u'^(_e_)'" value="(['e'],['e','ye'])" />
        <producer regex="u'(_e_)'" value="(['e'],['e'])" />
    </features>    
    <features unicode="u'\u0c8f'" >
        <properties>'E','vowel','long'</properties>
        <producer regex="u'^(_E_)'" value="(['e'],['e','ye','ey'])" />
        <producer regex="u'(_E_)'" value="(['e'],['e'])" />
    </features>
    <features unicode="u'\u0c90'" >
        <properties>'ai','vowel','long'</properties>
        <producer regex="u'(_ai_)'" value="(['ai'],['ai'])" />
    </features>
    <features unicode="u'\u0c92'" >
        <properties>'o','vowel','short'</properties>
        <producer regex="u'(_o_)'" value="(['o'],['o'])" />
    </features>    
    <features unicode="u'\u0c93'" >
        <properties>'O','vowel','long'</properties>
        <producer regex="u'(_O_)$'" value="(['o'],['o','oh'])" />
        <producer regex="u'(_O_)'" value="(['o'],['o'])" />
    </features>
    <features unicode="u'\u0c94'" >
        <properties>'au','vowel','long'</properties>
        <producer regex="u'(_au_)'" value="(['au'],['ou'])" />
    </features>
    <features unicode="u'\u0c95'" >
        <properties>'k','cons','cons1','unaspirated'</properties>
        <producer regex="u'(_k_)_nukta_?(?:_halanth_|_mathra_)'" value="(['k'],['k'])" />
        <producer regex="u'(_k_)_nukta_?'" value="(['ka'],['ka'])" />
    </features>
    <features unicode="u'\u0c96'" >
        <properties>'kh','cons','cons1','aspirated'</properties>
        <producer regex="u'(_kh_)_nukta_?(?:_halanth_|_mathra_)'" value="(['kh'],['kh'])" />
        <producer regex="u'(_kh_)_nukta_?'" value="(['kha'],['kha'])" />
    </features>
    <features unicode="u'\u0c97'" >
        <properties>'g','cons','cons1','unaspirated'</properties>
        <producer regex="u'(_g_)_nukta_?(?:_halanth_|_mathra_)'" value="(['g'],['g'])" />
        <producer regex="u'(_g_)_nukta_?'" value="(['ga'],['ga'])" />
    </features>
    <features unicode="u'\u0c98'" >
        <properties>'gh','cons','cons1','aspirated'</properties>
        <producer regex="u'(_gh_)_nukta_?(?:_halanth_|_mathra_)'" value="(['gh'],['gh'])" />
        <producer regex="u'(_gh_)_nukta_?'" value="(['gha'],['gha'])" />
    </features>
    <features unicode="u'\u0c99'" >
        <properties>'~N','cons1','nasal'</properties>
        <producer regex="u'(_~N_)_nukta_?(?:_halanth_|_mathra_)'" value="(['~N'],['n'])" />
        <producer regex="u'(_~N_)_nukta_?'" value="(['~Na'],['na'])" />
    </features>
    <features unicode="u'\u0c9a'" >
        <properties>'ch','cons','cons2','unaspirated'</properties>
        <producer regex="u'(_ch_)_nukta_?(?:_halanth_|_mathra_)'" value="(['ch'],['ch'])" />
        <producer regex="u'(?:(?:_ch_|_Ch_)_nukta_?_halanth_)(_ch_)_nukta_?(?:_halanth_|_mathra_)'" value="(['ch'],['ch','h'])" />
        <producer regex="u'(?:(?:_ch_|_Ch_)_nukta_?_halanth_)(_ch_)_nukta_?(?!_dot_|_cons_$)'" value="(['cha'],['cha','ha'])" />
        <producer regex="u'(_ch_)_nukta_?'" value="(['cha'],['cha'])" />
    </features>
    <features unicode="u'\u0c9b'" >
        <properties>'Ch','cons','cons2','aspirated'</properties>
        <producer regex="u'(_Ch_)_nukta_?(?:_halanth_|_mathra_)'" value="(['Ch'],['ch'])" />
        <producer regex="u'(?:(?:_ch_|_Ch_)_nukta_?_halanth_)(_Ch_)_nukta_?(?:_halanth_|_mathra_)'" value="(['ch'],['ch','h'])" />
        <producer regex="u'(?:(?:_ch_|_Ch_)_nukta_?_halanth_)(_Ch_)_nukta_?(?!_dot_|_cons_$)'" value="(['cha'],['cha','ha'])" />
        <producer regex="u'(_Ch_)_nukta_?'" value="(['Cha'],['cha'])" />
    </features>
    <features unicode="u'\u0c9c'" >
        <properties>'j','cons','cons2','unaspirated'</properties>
        <producer regex="u'(_j_)(?:_halanth_|_mathra_)'" value="(['j'],['j'])" />
        <producer regex="u'(_j_)_nukta_?(?:_halanth__~n_)'" value="(['j'],['j','g'])" />
        <producer regex="u'(_j_)'" value="(['ja'],['ja'])" />
        <producer regex="u'(_j_)_nukta_(?:_halanth_|_mathra_)'" value="(['z'],['j','z'])" />
        <producer regex="u'(_j_)_nukta_'" value="(['za'],['ja','za'])" />
    </features>
    <features unicode="u'\u0c9d'" >
        <properties>'jh','cons','cons2','aspirated'</properties>
        <producer regex="u'(_jh_)_nukta_?(?:_halanth_|_mathra_)'" value="(['jh'],['jh'])" />
        <producer regex="u'(_jh_)_nukta_?'" value="(['jha'],['jha'])" />
    </features>
    <features unicode="u'\u0c9e'" >
        <properties>'~n','cons','cons2','nasal'</properties>
        <producer regex="u'(_~n_)_nukta_?(?:_halanth_|_mathra_)'" value="(['~n'],['ny','n'])" />
        <producer regex="u'(_~n_)_nukta_?'" value="(['~na'],['nya','na'])" />
    </features>
    <features unicode="u'\u0c9f'" >
        <properties>'T','cons','cons3','unaspirated'</properties>
        <producer regex="u'(_T_)_nukta_?(?:_halanth_|_mathra_)'" value="(['T'],['t'])" />
        <producer regex="u'(_T_)_nukta_?'" value="(['Ta'],['ta'])" />
    </features>
    <features unicode="u'\u0ca0'" >
        <properties>'Th','cons','cons3','aspirated'</properties>
        <producer regex="u'(_Th_)_nukta_?(?:_halanth_|_mathra_)'" value="(['Th'],['th'])" />
        <producer regex="u'(_Th_)_nukta_?'" value="(['Tha'],['tha'])" />
    </features>
    <features unicode="u'\u0ca1'" >
        <properties>'D','cons','cons3','unaspirated'</properties>
        <producer regex="u'(_D_)_nukta_?(?:_halanth_|_mathra_)'" value="(['D'],['d'])" />
        <producer regex="u'(_D_)_nukta_?'" value="(['Da'],['da'])" />
    </features>
    <features unicode="u'\u0ca2'" >
        <properties>'Dh','cons','cons3','aspirated'</properties>
        <producer regex="u'(_Dh_)_nukta_?(?:_halanth_|_mathra_)'" value="(['Dh'],['dh'])" />
        <producer regex="u'(_Dh_)_nukta_?'" value="(['Dha'],['dha'])" />
    </features>
    <features unicode="u'\u0ca3'" >
        <properties>'N','cons','cons3','nasal'</properties>
        <producer regex="u'(_N_)_nukta_?(?:_halanth_|_mathra_)'" value="(['N'],['n'])" />
        <producer regex="u'(_N_)_nukta_?'" value="(['Na'],['na'])" />
    </features>
    <features unicode="u'\u0ca4'" >
        <properties>'t','cons','cons4','unaspirated'</properties>
        <producer regex="u'(_t_)_nukta_?(?:_halanth_|_mathra_)'" value="(['t'],['t','th'])" />
        <producer regex="u'(_t_)_nukta_?'" value="(['ta'],['ta','tha'])" />
    </features>
    <features unicode="u'\u0ca5'" >
        <properties>'th','cons','cons4','aspirated'</properties>
        <producer regex="u'(_th_)_nukta_?(?:_halanth_|_mathra_)'" value="(['th'],['th'])" />
        <producer regex="u'(_th_)_nukta_?'" value="(['tha'],['tha'])" />
    </features>
    <features unicode="u'\u0ca6'" >
        <properties>'d','cons','cons4','aspirated'</properties>
        <producer regex="u'(_d_)_nukta_?(?:_halanth_|_mathra_)'" value="(['d'],['d'])" />
        <producer regex="u'(_d_)_nukta_?'" value="(['da'],['da'])" />
    </features>
    <features unicode="u'\u0ca7'" >
        <properties>'dh','cons','cons4','aspirated'</properties>
        <producer regex="u'(_dh_)_nukta_?(?:_halanth_|_mathra_)'" value="(['dh'],['dh'])" />
        <producer regex="u'(_dh_)_nukta_?'" value="(['dha'],['dha'])" />
    </features>
    <features unicode="u'\u0ca8'" >
        <properties>'n','cons','cons4','nasal'</properties>
        <producer regex="u'(_n_)_nukta_?(?:_halanth_|_mathra_)'" value="(['n'],['n'])" />
        <producer regex="u'(_n_)_nukta_?'" value="(['na'],['na'])" />
    </features>
    <features unicode="u'\u0caa'" >
        <properties>'p','cons','cons5','unaspirated'</properties>
        <producer regex="u'(_p_)_nukta_?(?:_halanth_|_mathra_)'" value="(['p'],['p'])" />
        <producer regex="u'(_p_)_nukta_?'" value="(['pa'],['pa'])" />
    </features>
    <features unicode="u'\u0cab'" >
        <properties>'ph','cons','cons5','aspirated'</properties>
        <producer regex="u'(_ph_)_nukta_?(?:_halanth_|_mathra_)'" value="(['f'],['f'])" />
        <producer regex="u'(_ph_)_nukta_?'" value="(['fa'],['fa'])" />
    </features>
    <features unicode="u'\u0cac'" >
        <properties>'b','cons','cons5','unaspirated'</properties>
        <producer regex="u'(_b_)_nukta_?(?:_halanth_|_mathra_)'" value="(['b'],['b'])" />
        <producer regex="u'(_b_)_nukta_?'" value="(['ba'],['ba'])" />
    </features>
    <features unicode="u'\u0cad'" >
        <properties>'bh','cons','cons5','aspirated'</properties>
        <producer regex="u'(_bh_)_nukta_?(?:_halanth_|_mathra_)'" value="(['bh'],['bh'])" />
        <producer regex="u'(_bh_)_nukta_?'" value="(['bha'],['bha'])" />
    </features>
    <features unicode="u'\u0cae'" >
        <properties>'m','cons','cons5','nasal'</properties>
        <producer regex="u'(_m_)_nukta_?(?:_halanth_|_mathra_)'" value="(['m'],['m'])" />
        <producer regex="u'(_m_)_nukta_?'" value="(['ma'],['ma'])" />
    </features>
    <features unicode="u'\u0caf'" >
        <properties>'y','cons','semi-vowel'</properties>
        <producer regex="u'(_y_)_nukta_?(?:_halanth_|_mathra_)'" value="(['y'],['y'])" />
        <producer regex="u'(_y_)_nukta_?'" value="(['ya'],['ya'])" />
    </features>
    <features unicode="u'\u0cb0'" >
        <properties>'r','cons','semi-vowel'</properties>
        <producer regex="u'(_r_)_nukta_?(?:_halanth_|_mathra_)'" value="(['r'],['r'])" />
        <producer regex="u'(_r_)_nukta_?'" value="(['ra'],['ra'])" />
    </features>
    <features unicode="u'\u0cb2'" >
        <properties>'l','cons','semi-vowel'</properties>
        <producer regex="u'(_l_)_nukta_?(?:_halanth_|_mathra_)'" value="(['l'],['l'])" />
        <producer regex="u'(_l_)_nukta_?'" value="(['la'],['la'])" />
    </features>
    <features unicode="u'\u0cb3'" >
        <properties>'L','cons','semi-vowel'</properties>
        <producer regex="u'(_L_)_nukta_?(?:_halanth_|_mathra_)'" value="(['L'],['l'])" />
        <producer regex="u'(_L_)_nukta_?'" value="(['La'],['la'])" />
    </features>
    <features unicode="u'\u0cb5'" >
        <properties>'v','cons','semi-vowel'</properties>
        <producer regex="u'(_v_)_nukta_?(?:_halanth_|_mathra_)'" value="(['v'],['v'])" />
        <producer regex="u'(_v_)_nukta_?'" value="(['va'],['va'])" />
    </features>
    <features unicode="u'\u0cb6'" >
        <properties>'sh','cons','cons6'</properties>
        <producer regex="u'(_sh_)_nukta_?(?:_halanth_|_mathra_)'" value="(['sh'],['sh'])" />
        <producer regex="u'(_sh_)_nukta_?'" value="(['sha'],['sha'])" />
    </features>
    <features unicode="u'\u0cb7'" >
        <properties>'Sh','cons','cons6'</properties>
        <producer regex="u'(_Sh_)_nukta_?(?:_halanth_|_mathra_)'" value="(['Sh'],['sh'])" />
        <producer regex="u'(_Sh_)_nukta_?'" value="(['Sha'],['sha'])" />
    </features>
    <features unicode="u'\u0cb8'" >
        <properties>'s','cons','cons6'</properties>
        <producer regex="u'(_s_)_nukta_?(?:_halanth_|_mathra_)'" value="(['s'],['s'])" />
        <producer regex="u'(_s_)_nukta_?'" value="(['sa'],['sa'])" />
    </features>
    <features unicode="u'\u0cb9'" >
        <properties>'h','cons','cons6'</properties>
        <producer regex="u'(_h_)_nukta_?(?:_halanth_|_mathra_)'" value="(['h'],['h'])" />
        <producer regex="u'(_h_)_nukta_?'" value="(['ha'],['ha'])" />
    </features>
    <features unicode="u'\u0cbc'" >
        <properties>'nukta'</properties>
        <producer regex="u'(_nukta_)'" value="([''],[''])" />
    </features>
    <features unicode="u'\u0cbe'" >
        <properties>'A0','mathra','long'</properties>
        <producer regex="u'(_A0_)'" value="(['A'],['A','a'])" />
    </features>
    <features unicode="u'\u0cbf'" >
        <properties>'i0','mathra','short'</properties>
        <producer regex="u'(_i0_)'" value="(['i'],['i'])" />
    </features>
    <features unicode="u'\u0cc0'" >
        <properties>'I0','mathra','long'</properties>
        <producer regex="u'(_I0_)'" value="(['I'],['I','i'])" />
    </features>
    <features unicode="u'\u0cc1'" >
        <properties>'u0','mathra','short'</properties>
        <producer regex="u'(_u0_)'" value="(['u'],['u'])" />
    </features>
    <features unicode="u'\u0cc2'" >
        <properties>'U0','mathra','long'</properties>
        <producer regex="u'(_U0_)'" value="(['U'],['U','u'])" />
    </features>
    <features unicode="u'\u0cc3'" >
        <properties>'RRi0','mathra','short'</properties>
        <producer regex="u'(_RRi0_)'" value="(['RRi'],['ri','ru'])" />
    </features>
    <features unicode="u'\u0cc4'" >
        <properties>'RRI0','mathra','long'</properties>
        <producer regex="u'(_RRI0_)'" value="(['RRI'],['roo'])" />
    </features>
    <features unicode="u'\u0cc6'" >
        <properties>'e0','mathra','short'</properties>
        <producer regex="u'(_e0_)'" value="(['e'],['e'])" />
    </features>        
    <features unicode="u'\u0cc7'" >
        <properties>'E0','mathra','short'</properties>
        <producer regex="u'(_E0_)'" value="(['e'],['e'])" />
    </features>
    <features unicode="u'\u0cc8'" >
        <properties>'ai0','mathra','long'</properties>
        <producer regex="u'(?&lt;=_cons_)(_ai0_)(?=_cons_)'" value="(['ai'],['ai','y'])" />        
        <producer regex="u'(_ai0_)'" value="(['ai'],['ai'])" />
    </features>
    <features unicode="u'\u0cca'" >
        <properties>'o0','mathra','short'</properties>
        <producer regex="u'(_o0_)'" value="(['o'],['o'])" />
    </features>    
    <features unicode="u'\u0ccb'" >
        <properties>'O0','mathra','long'</properties>
        <producer regex="u'(_O0_)'" value="(['o'],['o'])" />
    </features>
    <features unicode="u'\u0ccc'" >
        <properties>'au0','mathra','long'</properties>
        <producer regex="u'(_au0_)'" value="(['au'],['ou'])" />
    </features>
    <features unicode="u'\u0ccd'" >
        <properties>'halanth'</properties>
        <producer regex="u'(_halanth_)'" value="([''],[''])" />
    </features>
    <features unicode="u'\u0ce6'" >
        <properties>'0','digit'</properties>
        <producer regex="u'(_0_)'" value="(['0'],['0'])" />
    </features>
    <features unicode="u'\u0ce7'" >
        <properties>'1','digit'</properties>
        <producer regex="u'(_1_)'" value="(['1'],['1'])" />
    </features>
    <features unicode="u'\u0ce8'" >
        <properties>'2','digit'</properties>
        <producer regex="u'(_2_)'" value="(['2'],['2'])" />
    </features>
    <features unicode="u'\u0ce9'" >
        <properties>'3','digit'</properties>
        <producer regex="u'(_3_)'" value="(['3'],['3'])" />
    </features>
    <features unicode="u'\u0cea'" >
        <properties>'4','digit'</properties>
        <producer regex="u'(_4_)'" value="(['4'],['4'])" />
    </features>
    <features unicode="u'\u0ceb'" >
        <properties>'5','digit'</properties>
        <producer regex="u'(_5_)'" value="(['5'],['5'])" />
    </features>
    <features unicode="u'\u0cec'" >
        <properties>'6','digit'</properties>
        <producer regex="u'(_6_)'" value="(['6'],['6'])" />
    </features>
    <features unicode="u'\u0ced'" >
        <properties>'7','digit'</properties>
        <producer regex="u'(_7_)'" value="(['7'],['7'])" />
    </features>
    <features unicode="u'\u0cee'" >
        <properties>'8','digit'</properties>
        <producer regex="u'(_8_)'" value="(['8'],['8'])" />
    </features>
    <features unicode="u'\u0cef'" >
        <properties>'9','digit'</properties>
        <producer regex="u'(_9_)'" value="(['9'],['9'])" />
    </features>
</Quill>
