<!-- 
    @Date    : Jan 25, 2013
    @Author  : Ram Prakash
    @Version : 1
 -->

<Quill lang="Nepali" script="Devanagari" deffont="Mangal" epsilon="u'\ue000'" >
    <preprocessor type="predictive" regex="r'(c)(?=[eiy])'" value="'s'" />
    <preprocessor type="predictive" regex="r'(c)(?!h)'" value="'k'" />
    <preprocessor type="predictive" regex="r'(chh)'" value="'chch'" />
    <preprocessor type="predictive" regex="r'(aiah)$'" value="'ayya'" />
    <preprocessor type="predictive" regex="r'(ia)'" value="'iya'" />
    <preprocessor type="predictive" regex="r'(au)'" value="'ou'" />
    <preprocessor type="predictive" regex="r'^(hum)$'" value="'ham'" />

    <preprocessor type="predictive" regex="r'(aa)'" value="'A'" />
    <preprocessor type="predictive" regex="r'(ee)'" value="'I'" />
    <preprocessor type="predictive" regex="r'(oo)'" value="'U'" />
    <preprocessor type="predictive" regex="r'(w)'" value="'v'" />
    <preprocessor type="predictive" regex="r'(ph)'" value="'f'" />
    <preprocessor type="predictive" regex="r'(x)'" value="'ksh'" />
    
    <!--
    word = (cons nukta? (halanth (zwj|zwnj)? cons nukta?)*(halanth | (mathra dot?))? | (vowel dot?))+
    old = u'(((_cons__nukta_?_halanth_?(_zwj_|_zwnj_)?)+_mathra_?|_vowel_)(_anusvara_|_visarga_|_chandra-bindu_)?)+'
    -->
    <valid-word-pattern regex="u'(_cons__nukta_?(_halanth_(_zwj_|_zwnj_)?_cons__nukta_?)*(_halanth_(_zwj_|_zwnj_)?$|(_mathra_?(_anusvara_|_visarga_|_chandra-bindu_)?))?|(_vowel_(_anusvara_|_visarga_|_chandra-bindu_)?))+'" />
    
    <features unicode="u'\u200c'" >
        <properties>'zwnj'</properties>
        <producer regex="u'(_zwnj_)'" value="([''],[''])" />
    </features>
    <features unicode="u'\u200d'" >
        <properties>'zwj'</properties>
        <producer regex="u'(_zwj_)'" value="([''],[''])" />
    </features>
    <features unicode="u'\u0901'" >
        <properties>'.N','chandra-bindu','dot'</properties>
        <producer regex="u'(_.N_)'" value="(['.N'],['n','m'])" />
    </features>
    <features unicode="u'\u0902'" >
        <properties>'.n','anusvara','dot'</properties>
        <producer regex="u'(_.n_)'" value="(['.n'],['n','m'])" />
    </features>
    <features unicode="u'\u0903'" >
        <properties>'H','visarga','dot'</properties>
        <producer regex="u'(_H_)'" value="(['H'],['h'])" />
    </features>
    <features unicode="u'\u0905'" >
        <properties>'a','vowel','short'</properties>
        <producer regex="u'(_a_)'" value="(['a'],['a'])" />
    </features>
    <features unicode="u'\u0906'" >
        <properties>'A','vowel','long'</properties>
        <producer regex="u'(_A_)'" value="(['A'],['A','a'])" />
    </features>
    <features unicode="u'\u0907'" >
        <properties>'i','vowel','short'</properties>
        <producer regex="u'(?:_mathra_|_vowel_)(_i_)'" value="(['i'],['i','yi'])" />
        <producer regex="u'^(_i_)'" value="(['i'],['i','yi'])" />
        <producer regex="u'(_i_)'" value="(['i'],['i'])" />
    </features>
    <features unicode="u'\u0908'" >
        <properties>'I','vowel','long'</properties>
        <producer regex="u'(?:_mathra_|_vowel_)(_I_)'" value="(['I'],['I','i','yi','yI'])" />
        <producer regex="u'^(_I_)'" value="(['I'],['I','i','yi'])" />
        <producer regex="u'(_I_)'" value="(['I'],['I','i'])" />
    </features>
    <features unicode="u'\u0909'" >
        <properties>'u','vowel','short'</properties>
        <producer regex="u'(?:_mathra_|_vowel_)(_u_)'" value="(['u'],['u','vu'])" />
        <producer regex="u'^(_u_)'" value="(['u'],['u','vu'])" />
        <producer regex="u'(_u_)'" value="(['u'],['u'])" />
    </features>
    <features unicode="u'\u090a'" >
        <properties>'U','vowel','long'</properties>
        <producer regex="u'(?:_mathra_|_vowel_)(_U_)'" value="(['U'],['U','u','vu','vU'])" />
        <producer regex="u'^(_U_)'" value="(['U'],['U'])" />
        <producer regex="u'(_U_)'" value="(['U'],['U','u'])" />
    </features>
    <features unicode="u'\u090b'" >
        <properties>'RRi','vowel'</properties>
        <producer regex="u'(_RRi_)'" value="(['RRi'],['ri','ru'])" />
    </features>
    <features unicode="u'\u090f'" >
        <properties>'e','vowel','short'</properties>
        <producer regex="u'(?:_mathra_|_vowel_)(_e_)'" value="(['e'],['e','ye','ey'])" />
        <producer regex="u'^(_e_)'" value="(['e'],['e','ye'])" />
        <producer regex="u'(_e_)'" value="(['e'],['e'])" />
    </features>
    <features unicode="u'\u0910'" >
        <properties>'ai','vowel','long'</properties>
        <producer regex="u'(_ai_)'" value="(['ai'],['ai'])" />
    </features>
    <features unicode="u'\u0913'" >
        <properties>'o','vowel','long'</properties>
        <producer regex="u'(?:_mathra_|_vowel_)(_o_)'" value="(['o'],['o','vo'])" />
        <producer regex="u'(_o_)'" value="(['o'],['o'])" />
    </features>
    <features unicode="u'\u0914'" >
        <properties>'au','vowel','long'</properties>
        <producer regex="u'(_au_)'" value="(['au'],['ou'])" />
    </features>
    <features unicode="u'\u0915'" >
        <properties>'k','cons','cons1'</properties>
        <producer regex="u'(_k_)(?:_halanth_|_mathra_)'" value="(['k'],['k'])" />
        <producer regex="u'(_k_)(?:$)'" value="(['k'],['ka','k'])" />
        <producer regex="u'^(_k_)(?:_h_)'" value="(['ka'],['ka','ke'])" />
        <producer regex="u'(?&lt;!^)(_k_)(?!_dot_|_cons_$)'" value="(['ka'],['ka','k'])" />
        <producer regex="u'(_k_)'" value="(['ka'],['ka'])" />
       
        <producer regex="u'(_k_)_nukta_(?:_halanth_|_mathra_)'" value="(['k'],['k','q'])" />
        <producer regex="u'(_k_)_nukta_(?:$)'" value="(['k'],['ka','k','qa','q'])" />
        <producer regex="u'^(_k_)_nukta_(?:_h_)'" value="(['ka'],['ka','ke','qa','qe'])" />
        <producer regex="u'(?&lt;!^)(_k_)_nukta_(?!_dot_|_cons_$)'" value="(['ka'],['ka','k','qa','q'])" />
        <producer regex="u'(_k_)_nukta_'" value="(['ka'],['ka','qa'])" />

    </features>
    <features unicode="u'\u0916'" >
        <properties>'kh','cons','cons1','aspirated'</properties>
        <producer regex="u'(_kh_)_nukta_?(?:_halanth_|_mathra_)'" value="(['kh'],['kh'])" />
        <producer regex="u'(_kh_)_nukta_?(?:$)'" value="(['kh'],['kha','kh'])" />
        <producer regex="u'(?&lt;!^)(_kh_)_nukta_?(?!_dot_|_cons_$)'" value="(['kha'],['kha','kh'])" />
        <producer regex="u'(_kh_)_nukta_?'" value="(['kha'],['kha'])" />
    </features>
    <features unicode="u'\u0917'" >
        <properties>'g','cons','cons1'</properties>
        <producer regex="u'(_g_)_nukta_?(?:_halanth_|_mathra_)'" value="(['g'],['g'])" />
        <producer regex="u'(_g_)_nukta_?(?:$)'" value="(['g'],['ga','g'])" />
        <producer regex="u'^(_g_)(?:_h_)'" value="(['ga'],['ga','ge'])" />
        <producer regex="u'(?&lt;!^)(_g_)_nukta_?(?!_dot_|_cons_$)'" value="(['ga'],['ga','g'])" />
        <producer regex="u'(_g_)_nukta_?'" value="(['ga'],['ga'])" />
    </features>
    <features unicode="u'\u0918'" >
        <properties>'gh','cons','cons1','aspirated'</properties>
        <producer regex="u'(_gh_)_nukta_?(?:_halanth_|_mathra_)'" value="(['gh'],['gh'])" />
        <producer regex="u'(_gh_)_nukta_?(?:$)'" value="(['gh'],['gha','gh'])" />
        <producer regex="u'(?&lt;!^)(_gh_)_nukta_?(?!_dot_|_cons_$)'" value="(['gha'],['gha','gh'])" />
        <producer regex="u'(_gh_)_nukta_?'" value="(['gha'],['gha'])" />
    </features>
    <features unicode="u'\u0919'" >
        <properties>'~N','nasal'</properties>
        <producer regex="u'(_~N_)_nukta_?(?:_halanth_|_mathra_)'" value="(['~N'],['n'])" />
        <producer regex="u'(_~N_)_nukta_?(?:$)'" value="(['~N'],['na','n'])" />
        <producer regex="u'(?&lt;!^)(_~N_)_nukta_?(?!_dot_|_cons_$)'" value="(['~N'],['na','n'])" />
        <producer regex="u'(_~N_)_nukta_?'" value="(['~Na'],['na'])" />
    </features>
    <features unicode="u'\u091a'" >
        <properties>'ch','cons','cons2'</properties>
        <producer regex="u'(_ch_)_nukta_?(?:_halanth_|_mathra_)'" value="(['ch'],['ch'])" />
        <producer regex="u'(_ch_)_nukta_?(?:$)'" value="(['ch'],['cha','ch'])" />
        <producer regex="u'^(_ch_)(?:_h_)'" value="(['cha'],['cha','che'])" />
        <producer regex="u'(?&lt;!^)(_ch_)_nukta_?(?!_dot_|_cons_$)'" value="(['cha'],['cha','ch'])" />
        <producer regex="u'(?:(?:_ch_|_Ch_)_nukta_?_halanth_)(_ch_)_nukta_?(?:_halanth_|_mathra_|$)'" value="(['ch'],['ch'])" />
        <producer regex="u'(?:(?:_ch_|_Ch_)_nukta_?_halanth_)(_ch_)_nukta_?(?!_dot_|_cons_$)'" value="(['cha'],['cha'])" /> 
        <producer regex="u'(_ch_)_nukta_?'" value="(['cha'],['cha'])" />
    </features>
    <features unicode="u'\u091b'" >
        <properties>'Ch','cons','cons2','aspirated'</properties>
        <producer regex="u'(_Ch_)_nukta_?(?:_halanth_|_mathra_)'" value="(['Ch'],['ch'])" />
        <producer regex="u'(_Ch_)_nukta_?(?:$)'" value="(['Ch'],['cha','ch'])" />
        <producer regex="u'^(_Ch_)(?:_h_)'" value="(['Cha'],['Cha','Che'])" />
        <producer regex="u'(?&lt;!^)(_Ch_)_nukta_?(?!_dot_|_cons_$)'" value="(['Cha'],['cha','ch'])" />
        <producer regex="u'(?:(?:_ch_|_Ch_)_nukta_?_halanth_)(_Ch_)_nukta_?(?:_halanth_|_mathra_|$)'" value="(['ch'],['ch'])" />
        <producer regex="u'(?:(?:_ch_|_Ch_)_nukta_?_halanth_)(_Ch_)_nukta_?(?!_dot_|_cons_$)'" value="(['cha'],['cha'])" />
        <producer regex="u'(_Ch_)_nukta_?'" value="(['Cha'],['cha'])" />
    </features>
    <features unicode="u'\u091c'" >
        <properties>'j','cons','cons2'</properties>
        <producer regex="u'(_j_)(?:_halanth_|_mathra_)'" value="(['j'],['j'])" />
        <producer regex="u'(_j_)(?:$)'" value="(['j'],['ja','j'])" />
        <producer regex="u'^(_j_)(?:_h_)'" value="(['ja'],['ja','je'])" />
        <producer regex="u'(?&lt;!^)(_j_)(?!_dot_|_cons_$)'" value="(['j'],['ja','j'])" />
        <producer regex="u'(_j_)_nukta_?(?:_halanth__~n_)'" value="(['j'],['j','g'])" />
		<producer regex="u'(_j_)'" value="(['ja'],['ja'])" />

        <producer regex="u'(_j_)_nukta_(?:_halanth_|_mathra_)'" value="(['z'],['j','z'])" />
        <producer regex="u'(_j_)_nukta_(?:$)'" value="(['z'],['ja','j','za','z'])" />
        <producer regex="u'^(_j_)_nukta_(?:_h_)'" value="(['ja'],['ja','je','za','ze'])" />
        <producer regex="u'(?&lt;!^)(_j_)_nukta_(?!_dot_|_cons_$)'" value="(['z'],['ja','j','za','z'])" />
        <producer regex="u'(_j_)_nukta_'" value="(['za'],['ja','za'])" />
    </features>
    <features unicode="u'\u091d'" >
        <properties>'jh','cons','cons2','aspirated'</properties>
        <producer regex="u'(_jh_)_nukta_?(?:_halanth_|_mathra_)'" value="(['jh'],['jh'])" />
        <producer regex="u'(_jh_)_nukta_?(?:$)'" value="(['jh'],['jha','jh'])" />
        <producer regex="u'^(_jh_)(?:_h_)'" value="(['jha'],['jha','jhe'])" />
        <producer regex="u'(?&lt;!^)(_jh_)_nukta_?(?!_dot_|_cons_$)'" value="(['jha'],['jha','jh'])" />
        <producer regex="u'(_jh_)_nukta_?'" value="(['jha'],['jha'])" />
    </features>
    <features unicode="u'\u091e'" >
        <properties>'~n','cons','nasal'</properties>
        <producer regex="u'(_~n_)_nukta_?(?:_halanth_|_mathra_)'" value="(['~n'],['ny','n'])" />
        <producer regex="u'(_~n_)_nukta_?(?:$)'" value="(['~n'],['ny','nya','na','ny''n'])" />
        <producer regex="u'(?&lt;!^)(_~n_)_nukta_?(?!_dot_|_cons_$)'" value="(['~na'],['nya','na','ny','n'])" />
        <producer regex="u'(_~n_)_nukta_?'" value="(['~na'],['nya','na'])" />
    </features>
    <features unicode="u'\u091f'" >
        <properties>'T','cons','cons3'</properties>
        <producer regex="u'(_T_)_nukta_?(?:_halanth_|_mathra_)'" value="(['T'],['t'])" />
        <producer regex="u'(_T_)_nukta_?(?:$)'" value="(['T'],['ta','t'])" />
        <producer regex="u'^(_T_)(?:_h_)'" value="(['Ta'],['ta','te'])" />
        <producer regex="u'(?&lt;!^)(_T_)_nukta_?(?!_dot_|_cons_$)'" value="(['Ta'],['ta','t'])" />
        <producer regex="u'(_T_)_nukta_?'" value="(['Ta'],['ta'])" />
    </features>
    <features unicode="u'\u0920'" >
        <properties>'Th','cons','cons3','aspirated'</properties>
        <producer regex="u'(_Th_)_nukta_?(?:_halanth_|_mathra_)'" value="(['Th'],['th'])" />
        <producer regex="u'(_Th_)_nukta_?(?:$)'" value="(['Th'],['tha','th'])" />
        <producer regex="u'^(_Th_)(?:_h_)'" value="(['Tha'],['tha','the'])" />
        <producer regex="u'(?&lt;!^)(_Th_)_nukta_?(?!_dot_|_cons_$)'" value="(['Tha'],['tha','th'])" />
        <producer regex="u'(_Th_)_nukta_?'" value="(['Tha'],['tha'])" />
    </features>
    <features unicode="u'\u0921'" >
        <properties>'D','cons','cons3'</properties>
        <producer regex="u'(_D_)_nukta_?(?:_halanth_|_mathra_)'" value="(['D'],['d'])" />
        <producer regex="u'(_D_)_nukta_?(?:$)'" value="(['D'],['da','d'])" />
        <producer regex="u'^(_D_)(?:_h_)'" value="(['Da'],['da','de'])" />
        <producer regex="u'(?&lt;!^)(_D_)_nukta_?(?!_dot_|_cons_$)'" value="(['Da'],['da','d'])" />
        <producer regex="u'(_D_)_nukta_?'" value="(['Da'],['da'])" />
    </features>
    <features unicode="u'\u0922'" >
        <properties>'Dh','cons','cons3','aspirated'</properties>
        <producer regex="u'(_Dh_)_nukta_?(?:_halanth_|_mathra_)'" value="(['Dh'],['dh'])" />
        <producer regex="u'(_Dh_)_nukta_?(?:$)'" value="(['Dh'],['dha','dh'])" />
        <producer regex="u'^(_Dh_)(?:_h_)'" value="(['Dha'],['dha','dhe'])" />
        <producer regex="u'(?&lt;!^)(_Dh_)_nukta_?(?!_dot_|_cons_$)'" value="(['Dha'],['dha','dh'])" />
        <producer regex="u'(_Dh_)_nukta_?'" value="(['Dha'],['dha'])" />
    </features>
    <features unicode="u'\u0923'" >
        <properties>'N','cons','cons3','nasal'</properties>
        <producer regex="u'(_N_)_nukta_?(?:_halanth_|_mathra_)'" value="(['N'],['n'])" />
        <producer regex="u'(_N_)_nukta_?(?:$)'" value="(['N'],['na','n'])" />
        <producer regex="u'(?&lt;!^)(_N_)_nukta_?(?!_dot_|_cons_$)'" value="(['Na'],['na','n'])" />
        <producer regex="u'(_N_)_nukta_?'" value="(['Na'],['na'])" />
    </features>
    <features unicode="u'\u0924'" >
        <properties>'t','cons','cons4'</properties>
        <producer regex="u'(_t_)_nukta_?(?:_halanth_|_mathra_)'" value="(['t'],['t','th'])" />
        <producer regex="u'(_t_)_nukta_?(?:$)'" value="(['t'],['ta','t','tha','th'])" />
        <producer regex="u'^(_t_)(?:_h_)'" value="(['ta'],['ta','te'])" />
        <producer regex="u'(?&lt;!^)(_t_)_nukta_?(?!_dot_|_cons_$)'" value="(['t'],['t','ta','tha','th'])" />
        <producer regex="u'(_t_)_nukta_?'" value="(['ta'],['ta','tha'])" />
    </features>
    <features unicode="u'\u0925'" >
        <properties>'th','cons','cons4','aspirated'</properties>
        <producer regex="u'(_th_)_nukta_?(?:_halanth_|_mathra_)'" value="(['th'],['th'])" />
        <producer regex="u'(_th_)_nukta_?(?:$)'" value="(['th'],['tha','th'])" />
        <producer regex="u'^(_th_)(?:_h_)'" value="(['tha'],['tha','the'])" />
        <producer regex="u'(?&lt;!^)(_th_)_nukta_?(?!_dot_|_cons_$)'" value="(['tha'],['tha','th'])" />
        <producer regex="u'(_th_)_nukta_?'" value="(['tha'],['tha'])" />
    </features>
    <features unicode="u'\u0926'" >
        <properties>'d','cons','cons4','aspirated'</properties>
        <producer regex="u'(_d_)_nukta_?(?:_halanth_|_mathra_)'" value="(['d'],['d'])" />
        <producer regex="u'(_d_)_nukta_?(?:$)'" value="(['d'],['da','d'])" />
        <producer regex="u'^(_d_)(?:_h_)'" value="(['da'],['da','de'])" />
        <producer regex="u'(?&lt;!^)(_d_)_nukta_?(?!_dot_|_cons_$)'" value="(['da'],['da','d'])" />
        <producer regex="u'(_d_)(?:_r_)'" value="(['da'],['da','de'])" />
        <producer regex="u'(_d_)_nukta_?'" value="(['da'],['da'])" />
    </features>
    <features unicode="u'\u0927'" >
        <properties>'dh','cons','cons4','aspirated'</properties>
        <producer regex="u'(_dh_)_nukta_?(?:_halanth_|_mathra_)'" value="(['dh'],['dh'])" />
        <producer regex="u'(_dh_)_nukta_?(?:$)'" value="(['dh'],['dha','dh'])" />
        <producer regex="u'^(_dh_)(?:_h_)'" value="(['dha'],['dha','dhe'])" />
        <producer regex="u'(?&lt;!^)(_dh_)_nukta_?(?!_dot_|_cons_$)'" value="(['dha'],['dha','dh'])" />
        <producer regex="u'(_dh_)_nukta_?'" value="(['dha'],['dha'])" />
    </features>
    <features unicode="u'\u0928'" >
        <properties>'n','cons','cons4','nasal'</properties>
        <producer regex="u'(_n_)_nukta_?(?:_halanth_|_mathra_)'" value="(['n'],['n'])" />
        <producer regex="u'(_n_)_nukta_?(?:$)'" value="(['n'],['na','n'])" />
        <producer regex="u'^(_n_)(?:_h_)'" value="(['na'],['na','ne'])" />
        <producer regex="u'(?&lt;!^)(_n_)_nukta_?(?!_dot_|_cons_$)'" value="(['na'],['na','n'])" />
        <producer regex="u'(_n_)_nukta_?'" value="(['na'],['na'])" />
    </features>
    <features unicode="u'\u092a'" >
        <properties>'p','cons','cons5'</properties>
        <producer regex="u'(_p_)_nukta_?(?:_halanth_|_mathra_)'" value="(['p'],['p'])" />
        <producer regex="u'(_p_)_nukta_?(?:$)'" value="(['p'],['pa','p'])" />
        <producer regex="u'^(_p_)(?:_h_)'" value="(['pa'],['pa','pe'])" />
        <producer regex="u'(?&lt;!^)(_p_)_nukta_?(?!_dot_|_cons_$)'" value="(['pa'],['pa','p'])" />
        <producer regex="u'(_p_)_nukta_?'" value="(['pa'],['pa'])" />
    </features>
    <features unicode="u'\u092b'" >
        <properties>'ph','cons','cons5','aspirated'</properties>
        <producer regex="u'(_ph_)_nukta_?(?:_halanth_|_mathra_)'" value="(['f'],['f'])" />
        <producer regex="u'(_ph_)_nukta_?(?:$)'" value="(['f'],['fa','f'])" />
        <producer regex="u'^(_ph_)(?:_h_)'" value="(['fa'],['fa','fe'])" />
        <producer regex="u'(?&lt;!^)(_ph_)_nukta_?(?!_dot_|_cons_$)'" value="(['fa'],['fa','f'])" />
        <producer regex="u'(_ph_)_nukta_?'" value="(['fa'],['fa'])" />
    </features>
    <features unicode="u'\u092c'" >
        <properties>'b','cons','cons5'</properties>
        <producer regex="u'(_b_)_nukta_?(?:_halanth_|_mathra_)'" value="(['b'],['b'])" />
        <producer regex="u'(_b_)_nukta_?(?:$)'" value="(['b'],['ba','b'])" />
        <producer regex="u'^(_b_)(?:_h_)'" value="(['ba'],['ba','be'])" />
        <producer regex="u'(?&lt;!^)(_b_)_nukta_?(?!_dot_|_cons_$)'" value="(['ba'],['ba','b'])" />
        <producer regex="u'(_b_)_nukta_?'" value="(['ba'],['ba'])" />
    </features>
    <features unicode="u'\u092d'" >
        <properties>'bh','cons','cons5','aspirated'</properties>
        <producer regex="u'(_bh_)_nukta_?(?:_halanth_|_mathra_)'" value="(['bh'],['bh'])" />
        <producer regex="u'(_bh_)_nukta_?(?:$)'" value="(['bh'],['bha','bh'])" />
        <producer regex="u'^(_bh_)(?:_h_)'" value="(['bha'],['bha','bhe'])" />
        <producer regex="u'(?&lt;!^)(_bh_)_nukta_?(?!_dot_|_cons_$)'" value="(['bha'],['bha','bh'])" />
        <producer regex="u'(_bh_)_nukta_?'" value="(['bha'],['bha'])" />
    </features>
    <features unicode="u'\u092e'" >
        <properties>'m','cons','cons5','nasal'</properties>
        <producer regex="u'(_m_)_nukta_?(?:_halanth_|_mathra_)'" value="(['m'],['m'])" />
        <producer regex="u'(_m_)_nukta_?(?:$)'" value="(['m'],['ma','m'])" />
        <producer regex="u'^(_m_)(?:_h_)'" value="(['ma'],['ma','me'])" />
        <producer regex="u'(?&lt;!^)(_m_)_nukta_?(?!_dot_|_cons_$)'" value="(['ma'],['ma','m'])" />
        <producer regex="u'(_m_)_nukta_?'" value="(['ma'],['ma'])" />
    </features>
    <features unicode="u'\u092f'" >
        <properties>'y','cons','semi-vowel'</properties>
        <producer regex="u'(_y_)_nukta_?(?:$)'" value="(['y'],['y','i'])" />
        <producer regex="u'(_y_)_nukta_?(?:_halanth_|_mathra_)'" value="(['y'],['y'])" />
        <producer regex="u'(_y_)_nukta_?(?:$)'" value="(['y'],['ya','y'])" />
        <producer regex="u'^(_y_)(?:_h_)'" value="(['ya'],['ya','ye'])" />
        <producer regex="u'(?:_A0_)(_y_)_nukta_?(?:_cons_)'" value="(['ya'],['ya','i'])" />
        <producer regex="u'(?&lt;!^)(_y_)_nukta_?(?!_dot_|_cons_$)'" value="(['ya'],['ya','y'])" />
        <producer regex="u'(_y_)_nukta_?'" value="(['ya'],['ya'])" />
    </features>
    <features unicode="u'\u0930'" >
        <properties>'r','cons','semi-vowel'</properties>
        <producer regex="u'(_r_)_nukta_?(?:_halanth_|_mathra_)'" value="(['r'],['r'])" />
        <producer regex="u'(_r_)_nukta_?(?:$)'" value="(['r'],['ra','r'])" />
        <producer regex="u'^(_r_)(?:_h_)'" value="(['ra'],['ra','re'])" />
        <producer regex="u'(?&lt;!^)(_r_)_nukta_?(?!_dot_|_cons_$)'" value="(['ra'],['ra','r'])" />
        <producer regex="u'(_r_)_nukta_?'" value="(['ra'],['ra'])" />
    </features>
    <features unicode="u'\u0932'" >
        <properties>'l','cons','semi-vowel'</properties>
        <producer regex="u'(_l_)_nukta_?(?:_halanth_|_mathra_)'" value="(['l'],['l'])" />
        <producer regex="u'(_l_)_nukta_?(?:$)'" value="(['l'],['la','l'])" />
        <producer regex="u'^(_l_)(?:_h_)'" value="(['la'],['la','le'])" />
        <producer regex="u'(?&lt;!^)(_l_)_nukta_?(?!_dot_|_cons_$)'" value="(['la'],['la','l'])" />
        <producer regex="u'(_l_)_nukta_?'" value="(['la'],['la'])" />
    </features>
    <!--features unicode="u'\u0933'" >
        <properties>'L','cons','semi-vowel'</properties>
        <producer regex="u'(_L_)_nukta_?(?:_halanth_|_mathra_|$)'" value="(['L'],['l'])" />
        <producer regex="u'^(_L_)(?:_h_)'" value="(['La'],['la','le'])" />
        <producer regex="u'(?&lt;!^)(_L_)_nukta_?(?!_dot_|_cons_$)'" value="(['La'],['la','l'])" />
        <producer regex="u'(_L_)_nukta_?'" value="(['La'],['la'])" />
    </features-->
    <features unicode="u'\u0935'" >
        <properties>'v','cons','semi-vowel'</properties>
        <producer regex="u'(_v_)_nukta_?(?:_halanth_|_mathra_)'" value="(['v'],['v'])" />
        <producer regex="u'(_v_)_nukta_?(?:$)'" value="(['v'],['va','v'])" />
        <producer regex="u'^(_v_)(?:_h_)'" value="(['va'],['va','ve'])" />
        <producer regex="u'(?&lt;!^)(_v_)_nukta_?(?!_dot_|_cons_$)'" value="(['va'],['va','v'])" />
        <producer regex="u'(?:_r__A0_)(_v_)_nukta_?'" value="(['va'],['va','v','o'])" />
        <producer regex="u'(?:_d__E0_)(_v_)_nukta_?'" value="(['va'],['va','v','o'])" />
        <producer regex="u'(_v_)_nukta_?'" value="(['va'],['va'])" />
    </features>
    <features unicode="u'\u0936'" >
        <properties>'sh','cons','cons6'</properties>
        <producer regex="u'(_sh_)_nukta_?(?:_halanth_|_mathra_)'" value="(['sh'],['sh'])" />
        <producer regex="u'(_sh_)_nukta_?(?:$)'" value="(['sh'],['sha','sh'])" />
        <producer regex="u'^(_sh_)(?:_h_)'" value="(['sha'],['sha','she'])" />
        <producer regex="u'(?&lt;!^)(_sh_)_nukta_?(?!_dot_|_cons_$)'" value="(['sha'],['sha','sh'])" />
        <producer regex="u'(_sh_)_nukta_?'" value="(['sha'],['sha'])" />
    </features>
    <features unicode="u'\u0937'" >
        <properties>'Sh','cons','cons6'</properties>
        <producer regex="u'(_Sh_)_nukta_?(?:_halanth_|_mathra_)'" value="(['Sh'],['sh'])" />
        <producer regex="u'(_Sh_)_nukta_?(?:$)'" value="(['Sh'],['sha','sh'])" />
        <producer regex="u'^(_Sh_)(?:_h_)'" value="(['Sha'],['sha','she'])" />
        <producer regex="u'(?&lt;!^)(_Sh_)_nukta_?(?!_dot_|_cons_$)'" value="(['Sha'],['sha','sh'])" />
        <producer regex="u'(_Sh_)_nukta_?'" value="(['Sha'],['sha'])" />
    </features>
    <features unicode="u'\u0938'" >
        <properties>'s','cons','cons6'</properties>
        <producer regex="u'(_s_)_nukta_?(?:_halanth_|_mathra_)'" value="(['s'],['s'])" />
        <producer regex="u'(_s_)_nukta_?(?:$)'" value="(['s'],['sa','s'])" />
        <producer regex="u'^(_s_)(?:_h_)'" value="(['sa'],['sa','se'])" />
        <producer regex="u'(?&lt;!^)(_s_)_nukta_?(?!_dot_|_cons_$)'" value="(['sa'],['sa','s'])" />
        <producer regex="u'(_s_)_nukta_?'" value="(['sa'],['sa'])" />
    </features>
    <features unicode="u'\u0939'" >
        <properties>'h','cons','cons6'</properties>
        <producer regex="u'(_h_)_nukta_?(?:_halanth_|_mathra_)'" value="(['h'],['h'])" />
        <producer regex="u'(_h_)_nukta_?(?:$)'" value="(['h'],['ha','h'])" />
        <producer regex="u'(?&lt;!^)(_h_)_nukta_?(?!_dot_|_cons_$)'" value="(['ha'],['ha','h'])" />
        <producer regex="u'(_h_)_nukta_?'" value="(['ha'],['ha'])" />
    </features>
    <features unicode="u'\u093c'" >
        <properties>'nukta'</properties>
        <producer regex="u'(_nukta_)'" value="([''],[''])" />
    </features>
    <features unicode="u'\u093e'" >
        <properties>'A0','mathra','long'</properties>
        <producer regex="u'(_A0_)'" value="(['A'],['A','a'])" />
    </features>
    <features unicode="u'\u093f'" >
        <properties>'i0','mathra','short'</properties>
        <producer regex="u'(_i0_)'" value="(['i'],['i'])" />
    </features>
    <features unicode="u'\u0940'" >
        <properties>'I0','mathra','long'</properties>
        <producer regex="u'(_I0_)(?:$)'" value="(['I'],['I','i','y'])" />
        <producer regex="u'(_I0_)'" value="(['I'],['I','i'])" />
    </features>
    <features unicode="u'\u0941'" >
        <properties>'u0','mathra','short'</properties>
        <producer regex="u'(_u0_)'" value="(['u'],['u'])" />
    </features>
    <features unicode="u'\u0942'" >
        <properties>'U0','mathra','long'</properties>
        <producer regex="u'(_U0_)'" value="(['U'],['U','u'])" />
    </features>
    <features unicode="u'\u0943'" >
        <properties>'RRi0','mathra'</properties>
        <producer regex="u'(_RRi0_)'" value="(['RRi'],['ri','ru'])" />
    </features>
    <features unicode="u'\u0945'" >
        <properties>'e0','mathra','short'</properties>
        <producer regex="u'(_e0_)'" value="(['e'],['a'])" />
    </features>    
    <features unicode="u'\u0947'" >
        <properties>'E0','mathra','long'</properties>
        <producer regex="u'(_E0_)(?:_anusvara_|_chandra-bindu_)'" value="(['e'],['e','ei'])" />
        <producer regex="u'(_E0_)(?:$)'" value="(['e'],['e','ey','ay'])" />
        <producer regex="u'(_E0_)'" value="(['e'],['e'])" />
    </features>
    <features unicode="u'\u0948'" >
        <properties>'ai0','mathra','long'</properties>
        <producer regex="u'(_ai0_)'" value="(['ai'],['ai'])" />
    </features>
    <features unicode="u'\u0949'" >
        <properties>'o0','mathra','long'</properties>
        <producer regex="u'(_o0_)'" value="(['o'],['o'])" />
    </features>    
    <features unicode="u'\u094b'" >
        <properties>'O0','mathra','long'</properties>
        <producer regex="u'(_O0_)(?:$)'" value="(['o'],['o','oh'])" />
        <producer regex="u'(_O0_)'" value="(['o'],['o'])" />
    </features>
    <features unicode="u'\u094c'" >
        <properties>'au0','mathra','long'</properties>
        <producer regex="u'(_au0_)'" value="(['au'],['ou'])" />
    </features>
    <features unicode="u'\u094d'" >
        <properties>'halanth'</properties>
        <producer regex="u'(_halanth_)'" value="([''],[''])" />
    </features>
    <features unicode="u'\u0950'" >
        <properties>'OM'</properties>
        <producer regex="u'(_OM_)'" value="(['OM'],['om'])" />
    </features>
</Quill>
