<!-- 
    @Date    : Jan 25, 2013
    @Author  : Ram Prakash
    @Version : 1
 -->

<Quill lang="Punjabi" script="Gurmukhi" deffont="Raavi" epsilon="u'\ue000'" >
    <preprocessor type="predictive" regex="r'(c)(?=[eiy])'" value="'s'" />
    <preprocessor type="predictive" regex="r'(c)(?!h)'" value="'k'" />
    <!--preprocessor type="predictive" regex="r'(ia)'" value="'iya'" /-->
    <preprocessor type="predictive" regex="r'(au)'" value="'ou'" />
    <preprocessor type="predictive" regex="r'(aa)'" value="'A'" />
    <preprocessor type="predictive" regex="r'(ee)'" value="'I'" />
    <preprocessor type="predictive" regex="r'(oo)'" value="'U'" />
    <preprocessor type="predictive" regex="r'(w)'" value="'v'" />
    <preprocessor type="predictive" regex="r'(ph)'" value="'f'" />
    <preprocessor type="predictive" regex="r'(x)'" value="'ksh'" />
    <preprocessor type="predictive" regex="r'^(punjab)'" value="'panjab'" />

    <!--
    word = (cons nukta? (halanth (zwj|zwnj)? cons nukta?)*(halanth | (mathra dot?))? | (vowel dot?))+
    old = u'(((_cons__nukta_?_halanth_?(_zwj_|_zwnj_)?)+_mathra_?|_vowel_)(_anusvara_|_visarga_|_chandra-bindu_)?)+'
    -->
    <valid-word-pattern regex="u'(_cons__nukta_?(_halanth_(_zwj_|_zwnj_)?_cons__nukta_?)*(_halanth_(_zwj_|_zwnj_)?$|(_mathra_?(_anusvara_|_visarga_|_chandra-bindu_|_tippi_)?_addak_?))?|(_vowel_(_anusvara_|_visarga_|_chandra-bindu_|_tippi_)?_addak_?)|_digit_(?![0-9])|[0-9](?!_digit_))+'" />

    <features unicode="u'\u200c'" >
        <properties>'zwnj'</properties>
        <producer regex="u'(_zwnj_)'" value="([''],[''])" />
    </features>
    <features unicode="u'\u200d'" >
        <properties>'zwj'</properties>
        <producer regex="u'(_zwj_)'" value="([''],[''])" />
    </features>
    <features unicode="u'\u0a01'" >
        <properties>'.N','chandra-bindu','dot'</properties>
        <producer regex="u'(_.N_)'" value="(['.N'],['n','m'])" />
    </features>
    <features unicode="u'\u0a02'" >
        <properties>'.n','anusvara','dot'</properties>
        <producer regex="u'(_.n_)'" value="(['.n'],['n','m'])" />
    </features>
    <features unicode="u'\u0a03'" >
        <properties>'H','visarga','dot'</properties>
        <producer regex="u'(_H_)'" value="(['H'],['h'])" />
    </features>
    <features unicode="u'\u0a05'" >
        <properties>'a','vowel','short'</properties>
        <producer regex="u'(_a_)'" value="(['a'],['a'])" />
    </features>
    <features unicode="u'\u0a06'" >
        <properties>'A','vowel','long'</properties>
        <producer regex="u'(_A_)'" value="(['A'],['A','a'])" />
    </features>
    <features unicode="u'\u0a07'" >
        <properties>'i','vowel','short'</properties>
        <producer regex="u'^(_i_)'" value="(['i'],['i','yi'])" />
        <producer regex="u'(_i_)'" value="(['i'],['i'])" />
    </features>
    <features unicode="u'\u0a08'" >
        <properties>'I','vowel','long'</properties>
        <producer regex="u'^(_I_)'" value="(['I'],['I','i','yi'])" />
        <producer regex="u'(_I_)'" value="(['I'],['I','i'])" />
    </features>
    <features unicode="u'\u0a09'" >
        <properties>'u','vowel','short'</properties>
        <producer regex="u'^(_u_)'" value="(['u'],['u','vu'])" />
        <producer regex="u'(_u_)'" value="(['u'],['u'])" />
    </features>
    <features unicode="u'\u0a0a'" >
        <properties>'U','vowel','long'</properties>
        <producer regex="u'^(_U_)'" value="(['U'],['U'])" />
        <producer regex="u'(_U_)'" value="(['U'],['U','u'])" />
    </features>
    <!--features unicode="u'\u0a8b'" >
        <properties>'RRi','vowel'</properties>
        <producer regex="u'(_RRi_)'" value="(['RRi'],['ri','ru'])" />
    </features>
    <features unicode="u'\u0ae0'" >
        <properties>'RRI','vowel'</properties>
        <producer regex="u'(_RRI_)'" value="(['RRI'],['roo'])" />
    </features>    
    <features unicode="u'\u0a8d'" >
        <properties>'e','vowel','short'</properties>
        <producer regex="u'^(_e_)'" value="(['e'],['e','ye'])" />
        <producer regex="u'(_e_)'" value="(['e'],['e'])" />
    </features-->
    <features unicode="u'\u0a0f'" >
        <properties>'E','vowel','short'</properties>
        <producer regex="u'(?:_mathra_|_vowel_)(_e_)'" value="(['e'],['e','ye','ey'])" />
        <producer regex="u'^(_e_)'" value="(['e'],['e','ye'])" />
        <producer regex="u'(_e_)'" value="(['e'],['e'])" />
    </features>
    <features unicode="u'\u0a10'" >
        <properties>'ai','vowel','long'</properties>
        <producer regex="u'(_ai_)'" value="(['ai'],['ai'])" />
    </features>
    <!--features unicode="u'\u0a11'" >
        <properties>'o','vowel','short'</properties>
        <producer regex="u'(_o_)'" value="(['o'],['o'])" />
    </features-->
    <features unicode="u'\u0a13'" >
        <properties>'O','vowel','long'</properties>
        <producer regex="u'(_O_)$'" value="(['o'],['o','oh','vo'])" />
        <producer regex="u'(_O_)'" value="(['o'],['o'])" />
    </features>
    <features unicode="u'\u0a14'" >
        <properties>'au','vowel','long'</properties>
        <producer regex="u'(_au_)'" value="(['au'],['ou'])" />
    </features>
    <features unicode="u'\u0a15'" >
        <properties>'k','cons','cons1'</properties>
        <producer regex="u'(?&lt;=_addak_)(_k_)(?:_halanth_|_mathra_|$)'" value="(['k'],['kk'])" />
        <producer regex="u'(_k_)(?:_halanth_|_mathra_|$)'" value="(['k'],['k'])" />

        <producer regex="u'(_k_)(?:_h__i0_)'" value="(['kai'],['ka','kai'])" />
        <producer regex="u'(?&lt;=_addak_)(_k_)(?:_h__i0_)'" value="(['kai'],['kka','kkai'])" />
        <producer regex="u'(_k_)(?:_h__u0_)'" value="(['kau'],['ka','kau'])" />
        <producer regex="u'(?&lt;=_addak_)(_k_)(?:_h__u0_)'" value="(['kau'],['kka','kkau'])" />

        <producer regex="u'(?&lt;=_addak_)(_k_)(?!_dot_|_cons_$)'" value="(['ka'],['kka','kk'])" />
        <producer regex="u'(?&lt;!^)(_k_)(?!_dot_|_cons_$)'" value="(['ka'],['ka','k'])" />
        <producer regex="u'(?&lt;=_addak_)(_k_)'" value="(['ka'],['kka'])" />
        <producer regex="u'(_k_)'" value="(['ka'],['ka'])" />
       
        <producer regex="u'(?&lt;=_addak_)(_k_)_nukta_(?:_halanth_|_mathra_|$)'" value="(['k'],['kk','qq'])" />
        <producer regex="u'(_k_)_nukta_(?:_halanth_|_mathra_|$)'" value="(['k'],['k','q'])" />
        <producer regex="u'(?&lt;=_addak_)(_k_)_nukta_(?!_dot_|_cons_$)'" value="(['ka'],['kka','kk','qqa','qq'])" />
        <producer regex="u'(?&lt;!^)(_k_)_nukta_(?!_dot_|_cons_$)'" value="(['ka'],['ka','k','qa','q'])" />
        <producer regex="u'(?&lt;=_addak_)(_k_)_nukta_'" value="(['ka'],['kka','qqa'])" />
        <producer regex="u'(_k_)_nukta_'" value="(['ka'],['ka','qa'])" />
    </features>
    <features unicode="u'\u0a16'" >
        <properties>'kh','cons','cons1','aspirated'</properties>
        <producer regex="u'(?&lt;=_addak_)(_kh_)_nukta_?(?:_halanth_|_mathra_|$)'" value="(['kh'],['khkh'])" />
        <producer regex="u'(_kh_)_nukta_?(?:_halanth_|_mathra_|$)'" value="(['kh'],['kh'])" />

        <producer regex="u'(_kh_)(?:_h__i0_)'" value="(['khai'],['kha','khai'])" />
        <producer regex="u'(?&lt;=_addak_)(_kh_)(?:_h__i0_)'" value="(['khai'],['khkha','khkhai'])" />
        <producer regex="u'(_kh_)(?:_h__u0_)'" value="(['khau'],['kha','khau'])" />
        <producer regex="u'(?&lt;=_addak_)(_kh_)(?:_h__u0_)'" value="(['khau'],['khkha','khkhau'])" />

        <producer regex="u'(?&lt;=_addak_)(_kh_)_nukta_?(?!_dot_|_cons_$)'" value="(['kha'],['khkha','khkh'])" />
        <producer regex="u'(?&lt;!^)(_kh_)_nukta_?(?!_dot_|_cons_$)'" value="(['kha'],['kha','kh'])" />
        <producer regex="u'(?&lt;=_addak_)(_kh_)_nukta_?'" value="(['kha'],['khkha'])" />
        <producer regex="u'(_kh_)_nukta_?'" value="(['kha'],['kha'])" />
    </features>
    <features unicode="u'\u0a17'" >
        <properties>'g','cons','cons1'</properties>
        <producer regex="u'(?&lt;=_addak_)(_g_)_nukta_?(?:_halanth_|_mathra_|$)'" value="(['g'],['gg'])" />
        <producer regex="u'(_g_)_nukta_?(?:_halanth_|_mathra_|$)'" value="(['g'],['g'])" />

        <producer regex="u'(_g_)_nukta_?(?:_h__i0_)'" value="(['gai'],['ga','gai'])" />
        <producer regex="u'(?&lt;=_addak_)(_g_)_nukta_?(?:_h__i0_)'" value="(['gai'],['gga','ggai'])" />
        <producer regex="u'(_g_)_nukta_?(?:_h__u0_)'" value="(['gau'],['ga','gau'])" />
        <producer regex="u'(?&lt;=_addak_)(_g_)_nukta_?(?:_h__u0_)'" value="(['gau'],['gga','ggau'])" />

        <producer regex="u'(?&lt;=_addak_)(_g_)_nukta_?(?!_dot_|_cons_$)'" value="(['ga'],['gga','gg'])" />
        <producer regex="u'(?&lt;!^)(_g_)_nukta_?(?!_dot_|_cons_$)'" value="(['ga'],['ga','g'])" />
        <producer regex="u'(?&lt;=_addak_)(_g_)_nukta_?'" value="(['ga'],['gga'])" />
        <producer regex="u'(_g_)_nukta_?'" value="(['ga'],['ga'])" />
    </features>
    <features unicode="u'\u0a18'" >
        <properties>'gh','cons','cons1','aspirated'</properties>
        <producer regex="u'(?&lt;=_addak_)(_gh_)_nukta_?(?:_halanth_|_mathra_|$)'" value="(['gh'],['ghgh'])" />
        <producer regex="u'(_gh_)_nukta_?(?:_halanth_|_mathra_|$)'" value="(['gh'],['gh'])" />

        <producer regex="u'(_gh_)_nukta_?(?:_h__i0_)'" value="(['ghai'],['gha','ghai'])" />
        <producer regex="u'(?&lt;=_addak_)(_gh_)_nukta_?(?:_h__i0_)'" value="(['gghai'],['ghgha','ghghai'])" />
        <producer regex="u'(_gh_)_nukta_?(?:_h__u0_)'" value="(['ghau'],['gha','ghau'])" />
        <producer regex="u'(?&lt;=_addak_)(_gh_)_nukta_?(?:_h__u0_)'" value="(['gghau'],['ghgha','ghghau'])" />

        <producer regex="u'(?&lt;=_addak_)(_gh_)_nukta_?(?!_dot_|_cons_$)'" value="(['gha'],['ghgha','ghgh'])" />
        <producer regex="u'(?&lt;!^)(_gh_)_nukta_?(?!_dot_|_cons_$)'" value="(['gha'],['gha','gh'])" />
        <producer regex="u'(?&lt;=_addak_)(_gh_)_nukta_?'" value="(['ggha'],['ghgha'])" />
        <producer regex="u'(_gh_)_nukta_?'" value="(['gha'],['gha'])" />
    </features>
    <features unicode="u'\u0a19'" >
        <properties>'~N','cons','nasal'</properties>
        <producer regex="u'(_~N_)_nukta_?(?:_halanth_|_mathra_|$)'" value="(['~N'],['n'])" />
        <producer regex="u'(?&lt;!^)(_~N_)_nukta_?(?!_dot_|_cons_$)'" value="(['~N'],['na','n'])" />
        <producer regex="u'(_~N_)_nukta_?'" value="(['~Na'],['na'])" />
    </features>
    <features unicode="u'\u0a1a'" >
        <properties>'ch','cons','cons2'</properties>
        <producer regex="u'(?&lt;=_addak_)(_ch_)_nukta_?(?:_halanth_|_mathra_|$)'" value="(['ch'],['chch'])" />
        <producer regex="u'(_ch_)_nukta_?(?:_halanth_|_mathra_|$)'" value="(['ch'],['ch'])" />

        <producer regex="u'(_ch_)_nukta_?(?:_h__i0_)'" value="(['chai'],['cha','chai'])" />
        <producer regex="u'(?&lt;=_addak_)(_ch_)_nukta_?(?:_h__i0_)'" value="(['chai'],['chcha','chchai'])" />
        <producer regex="u'(_ch_)_nukta_?(?:_h__u0_)'" value="(['chau'],['cha','chau'])" />
        <producer regex="u'(?&lt;=_addak_)(_ch_)_nukta_?(?:_h__u0_)'" value="(['chhau'],['chcha','chchau'])" />

        <producer regex="u'(?&lt;=_addak_)(_ch_)_nukta_?(?!_dot_|_cons_$)'" value="(['cha'],['chcha','chch'])" />
        <producer regex="u'(?&lt;!^)(_ch_)_nukta_?(?!_dot_|_cons_$)'" value="(['cha'],['cha','ch'])" />
        <producer regex="u'(?&lt;=_addak_)(_ch_)_nukta_?'" value="(['cha'],['chcha'])" />
        <producer regex="u'(_ch_)_nukta_?'" value="(['cha'],['cha'])" />
    </features>
    <features unicode="u'\u0a1b'" >
        <properties>'Ch','cons','cons2','aspirated'</properties>
        <producer regex="u'(?&lt;=_addak_)(_Ch_)_nukta_?(?:_halanth_|_mathra_|$)'" value="(['Ch'],['chch'])" />
        <producer regex="u'(_Ch_)_nukta_?(?:_halanth_|_mathra_|$)'" value="(['Ch'],['ch'])" />

        <producer regex="u'(_Ch_)_nukta_?(?:_h__i0_)'" value="(['chai'],['cha','chai'])" />
        <producer regex="u'(?&lt;=_addak_)(_Ch_)_nukta_?(?:_h__i0_)'" value="(['chai'],['chcha','chchai'])" />
        <producer regex="u'(_Ch_)_nukta_?(?:_h__u0_)'" value="(['chau'],['cha','chau'])" />
        <producer regex="u'(?&lt;=_addak_)(_Ch_)_nukta_?(?:_h__u0_)'" value="(['chhau'],['chcha','chchau'])" />

        <producer regex="u'(?&lt;=_addak_)(_Ch_)_nukta_?(?!_dot_|_cons_$)'" value="(['Cha'],['chcha','chch'])" />
        <producer regex="u'(?&lt;!^)(_Ch_)_nukta_?(?!_dot_|_cons_$)'" value="(['Cha'],['cha','ch'])" />
        <producer regex="u'(?&lt;=_addak_)(_Ch_)_nukta_?'" value="(['Cha'],['chcha'])" />
        <producer regex="u'(_Ch_)_nukta_?'" value="(['Cha'],['cha'])" />
    </features>
    <features unicode="u'\u0a1c'" >
        <properties>'j','cons','cons2'</properties>
        <producer regex="u'(?&lt;=_addak_)(_j_)(?:_halanth_|_mathra_|$)'" value="(['j'],['jj'])" />
        <producer regex="u'(_j_)(?:_halanth_|_mathra_|$)'" value="(['j'],['j'])" />

        <producer regex="u'(_j_)(?:_h__i0_)'" value="(['jai'],['ja','jai'])" />
        <producer regex="u'(?&lt;=_addak_)(_j_)(?:_h__i0_)'" value="(['jai'],['jja','jjai'])" />
        <producer regex="u'(_j_)(?:_h__u0_)'" value="(['jau'],['ja','jau'])" />
        <producer regex="u'(?&lt;=_addak_)(_j_)(?:_h__u0_)'" value="(['jau'],['jja','jjau'])" />

        <producer regex="u'(?&lt;=_addak_)(_j_)(?!_dot_|_cons_$)'" value="(['j'],['jja','jj'])" />
        <producer regex="u'(?&lt;!^)(_j_)(?!_dot_|_cons_$)'" value="(['j'],['ja','j'])" />
        <producer regex="u'(?&lt;=_addak_)(_j_)_nukta_?(?:_halanth__~n_)'" value="(['j'],['jj','gg'])" />
        <producer regex="u'(_j_)_nukta_?(?:_halanth__~n_)'" value="(['j'],['j','g'])" />
		<producer regex="u'(?&lt;=_addak_)(_j_)'" value="(['ja'],['jja'])" />
		<producer regex="u'(_j_)'" value="(['ja'],['ja'])" />

        <producer regex="u'(?&lt;=_addak_)(_j_)_nukta_(?:_halanth_|_mathra_|$)'" value="(['z'],['jj','zz'])" />
        <producer regex="u'(_j_)_nukta_(?:_halanth_|_mathra_|$)'" value="(['z'],['j','z'])" />

        <producer regex="u'(_j_)_nukta_(?:_h__i0_)'" value="(['jai'],['ja','jai','za','zai'])" />
        <producer regex="u'(?&lt;=_addak_)(_j_)_nukta_(?:_h__i0_)'" value="(['jai'],['jja','jjai','zza','zzai'])" />
        <producer regex="u'(_j_)_nukta_(?:_h__u0_)'" value="(['jau'],['ja','jau','za','zau'])" />
        <producer regex="u'(?&lt;=_addak_)(_j_)_nukta_(?:_h__u0_)'" value="(['jau'],['jja','jjau','zza','zzau'])" />

        <producer regex="u'(?&lt;=_addak_)(_j_)_nukta_(?!_dot_|_cons_$)'" value="(['z'],['jja','jj','zza','zz'])" />
        <producer regex="u'(?&lt;!^)(_j_)_nukta_(?!_dot_|_cons_$)'" value="(['z'],['ja','j','za','z'])" />
        <producer regex="u'(?&lt;=_addak_)(_j_)_nukta_'" value="(['za'],['jja','zza'])" />
        <producer regex="u'(_j_)_nukta_'" value="(['za'],['ja','za'])" />
    </features>
    <features unicode="u'\u0a1d'" >
        <properties>'jh','cons','cons2','aspirated'</properties>
        <producer regex="u'(?&lt;=_addak_)(_jh_)_nukta_?(?:_halanth_|_mathra_|$)'" value="(['jjh'],['jhjh'])" />
        <producer regex="u'(_jh_)_nukta_?(?:_halanth_|_mathra_|$)'" value="(['jh'],['jh'])" />

        <producer regex="u'(_jh_)_nukta_?(?:_h__i0_)'" value="(['jhai'],['jha','jhai'])" />
        <producer regex="u'(?&lt;=_addak_)(_jh_)_nukta_?(?:_h__i0_)'" value="(['jhai'],['jhjha','jhjhai'])" />
        <producer regex="u'(_jh_)_nukta_?(?:_h__u0_)'" value="(['jhau'],['jha','jhau'])" />
        <producer regex="u'(?&lt;=_addak_)(_jh_)_nukta_?(?:_h__u0_)'" value="(['jhau'],['jhjha','jhjhau'])" />

        <producer regex="u'(?&lt;=_addak_)(_jh_)_nukta_?(?!_dot_|_cons_$)'" value="(['jha'],['jhjha','jjh'])" />
        <producer regex="u'(?&lt;!^)(_jh_)_nukta_?(?!_dot_|_cons_$)'" value="(['jha'],['jha','jh'])" />
        <producer regex="u'(?&lt;=_addak_)(_jh_)_nukta_?'" value="(['jha'],['jhjha'])" />
        <producer regex="u'(_jh_)_nukta_?'" value="(['jha'],['jha'])" />
    </features>
    <features unicode="u'\u0a1e'" >
        <properties>'~n','cons','nasal'</properties>
        <producer regex="u'(_~n_)_nukta_?(?:_halanth_|_mathra_|$)'" value="(['~n'],['ny','n'])" />
        <producer regex="u'(?&lt;!^)(_~n_)_nukta_?(?!_dot_|_cons_$)'" value="(['~na'],['nya','na','ny','n'])" />
        <producer regex="u'(_~n_)_nukta_?'" value="(['~na'],['nya','na'])" />
    </features>
    <features unicode="u'\u0a1f'" >
        <properties>'T','cons','cons3'</properties>
        <producer regex="u'(?&lt;=_addak_)(_T_)_nukta_?(?:_halanth_|_mathra_|$)'" value="(['T'],['tt'])" />
        <producer regex="u'(_T_)_nukta_?(?:_halanth_|_mathra_|$)'" value="(['T'],['t'])" />

        <producer regex="u'(_T_)_nukta_?(?:_h__i0_)'" value="(['tai'],['ta','tai'])" />
        <producer regex="u'(?&lt;=_addak_)(_T_)_nukta_?(?:_h__i0_)'" value="(['tai'],['tta','ttai'])" />
        <producer regex="u'(_T_)_nukta_?(?:_h__u0_)'" value="(['tau'],['ta','tau'])" />
        <producer regex="u'(?&lt;=_addak_)(_T_)_nukta_?(?:_h__u0_)'" value="(['tau'],['tta','ttau'])" />

        <producer regex="u'(?&lt;=_addak_)(_T_)_nukta_?(?!_dot_|_cons_$)'" value="(['Ta'],['tta','tt'])" />
        <producer regex="u'(?&lt;!^)(_T_)_nukta_?(?!_dot_|_cons_$)'" value="(['Ta'],['ta','t'])" />
        <producer regex="u'(?&lt;=_addak_)(_T_)_nukta_?'" value="(['Ta'],['tta'])" />
        <producer regex="u'(_T_)_nukta_?'" value="(['Ta'],['ta'])" />
    </features>
    <features unicode="u'\u0a20'" >
        <properties>'Th','cons','cons3','aspirated'</properties>
        <producer regex="u'(?&lt;=_addak_)(_Th_)_nukta_?(?:_halanth_|_mathra_|$)'" value="(['Th'],['thth'])" />
        <producer regex="u'(_Th_)_nukta_?(?:_halanth_|_mathra_|$)'" value="(['Th'],['th'])" />

        <producer regex="u'(_Th_)_nukta_?(?:_h__i0_)'" value="(['thai'],['tha','thai'])" />
        <producer regex="u'(?&lt;=_addak_)(_Th_)_nukta_?(?:_h__i0_)'" value="(['thai'],['ththa','ththai'])" />
        <producer regex="u'(_Th_)_nukta_?(?:_h__u0_)'" value="(['thau'],['tha','thau'])" />
        <producer regex="u'(?&lt;=_addak_)(_Th_)_nukta_?(?:_h__u0_)'" value="(['thau'],['ththa','ththau'])" />

        <producer regex="u'(?&lt;=_addak_)(_Th_)_nukta_?(?!_dot_|_cons_$)'" value="(['Tha'],['ththa','tth'])" />
        <producer regex="u'(?&lt;!^)(_Th_)_nukta_?(?!_dot_|_cons_$)'" value="(['Tha'],['tha','th'])" />
        <producer regex="u'(?&lt;=_addak_)(_Th_)_nukta_?'" value="(['Tha'],['ththa'])" />
        <producer regex="u'(_Th_)_nukta_?'" value="(['Tha'],['tha'])" />
    </features>
    <features unicode="u'\u0a21'" >
        <properties>'D','cons','cons3'</properties>
        <producer regex="u'(?&lt;=_addak_)(_D_)_nukta_?(?:_halanth_|_mathra_|$)'" value="(['D'],['dd'])" />
        <producer regex="u'(_D_)_nukta_?(?:_halanth_|_mathra_|$)'" value="(['D'],['d'])" />

        <producer regex="u'(_D_)_nukta_?(?:_h__i0_)'" value="(['dai'],['da','dai'])" />
        <producer regex="u'(?&lt;=_addak_)(_D_)_nukta_?(?:_h__i0_)'" value="(['dai'],['dda','ddai'])" />
        <producer regex="u'(_D_)_nukta_?(?:_h__u0_)'" value="(['dau'],['da','dau'])" />
        <producer regex="u'(?&lt;=_addak_)(_D_)_nukta_?(?:_h__u0_)'" value="(['dau'],['dda','ddau'])" />

        <producer regex="u'(?&lt;=_addak_)(_D_)_nukta_?(?!_dot_|_cons_$)'" value="(['Da'],['dda','dd'])" />
        <producer regex="u'(?&lt;!^)(_D_)_nukta_?(?!_dot_|_cons_$)'" value="(['Da'],['da','d'])" />
        <producer regex="u'(?&lt;=_addak_)(_D_)_nukta_?'" value="(['Da'],['dda'])" />
        <producer regex="u'(_D_)_nukta_?'" value="(['Da'],['da'])" />
    </features>
    <features unicode="u'\u0a22'" >
        <properties>'Dh','cons','cons3','aspirated'</properties>
        <producer regex="u'(?&lt;=_addak_)(_Dh_)_nukta_?(?:_halanth_|_mathra_|$)'" value="(['Dh'],['dhdh'])" />
        <producer regex="u'(_Dh_)_nukta_?(?:_halanth_|_mathra_|$)'" value="(['Dh'],['dh'])" />

        <producer regex="u'(_Dh_)_nukta_?(?:_h__i0_)'" value="(['dhai'],['dha','dhai'])" />
        <producer regex="u'(?&lt;=_addak_)(_Dh_)_nukta_?(?:_h__i0_)'" value="(['dhai'],['dhdha','dhdhai'])" />
        <producer regex="u'(_Dh_)_nukta_?(?:_h__u0_)'" value="(['dhau'],['dha','dhau'])" />
        <producer regex="u'(?&lt;=_addak_)(_Dh_)_nukta_?(?:_h__u0_)'" value="(['dhau'],['dhdha','dhdhau'])" />

        <producer regex="u'(?&lt;=_addak_)(_Dh_)_nukta_?(?!_dot_|_cons_$)'" value="(['Dha'],['dhdha','dhdh'])" />
        <producer regex="u'(?&lt;!^)(_Dh_)_nukta_?(?!_dot_|_cons_$)'" value="(['Dha'],['dha','dh'])" />
        <producer regex="u'(?&lt;=_addak_)(_Dh_)_nukta_?'" value="(['Dha'],['dhdha'])" />
        <producer regex="u'(_Dh_)_nukta_?'" value="(['Dha'],['dha'])" />
    </features>
    <features unicode="u'\u0a23'" >
        <properties>'N','cons','cons3','nasal'</properties>
        <producer regex="u'(?&lt;=_addak_)(_N_)_nukta_?(?:_halanth_|_mathra_|$)'" value="(['N'],['nn'])" />
        <producer regex="u'(_N_)_nukta_?(?:_halanth_|_mathra_|$)'" value="(['N'],['n'])" />

        <producer regex="u'(_N_)_nukta_?(?:_h__i0_)'" value="(['nai'],['na','nai'])" />
        <producer regex="u'(?&lt;=_addak_)(_N_)_nukta_?(?:_h__i0_)'" value="(['nai'],['nna','nnai'])" />
        <producer regex="u'(_N_)_nukta_?(?:_h__u0_)'" value="(['nau'],['na','nau'])" />
        <producer regex="u'(?&lt;=_addak_)(_N_)_nukta_?(?:_h__u0_)'" value="(['nau'],['nna','nnau'])" />

        <producer regex="u'(?&lt;=_addak_)(_N_)_nukta_?(?!_dot_|_cons_$)'" value="(['Na'],['nna','nn'])" />
        <producer regex="u'(?&lt;!^)(_N_)_nukta_?(?!_dot_|_cons_$)'" value="(['Na'],['na','n'])" />
        <producer regex="u'(?&lt;=_addak_)(_N_)_nukta_?'" value="(['Na'],['nna'])" />
        <producer regex="u'(_N_)_nukta_?'" value="(['Na'],['na'])" />
    </features>
    <features unicode="u'\u0a24'" >
        <properties>'t','cons','cons4'</properties>
        <producer regex="u'(?&lt;=_addak_)(_t_)_nukta_?(?:_halanth_|_mathra_|$)'" value="(['tt'],['tt','thth'])" />
        <producer regex="u'(_t_)_nukta_?(?:_halanth_|_mathra_|$)'" value="(['t'],['t','th'])" />

        <producer regex="u'(_t_)_nukta_?(?:_h__i0_)'" value="(['tai'],['ta','tai','tha','thai'])" />
        <producer regex="u'(?&lt;=_addak_)(_t_)_nukta_?(?:_h__i0_)'" value="(['tai'],['tta','ttai','ththa','ththai'])" />
        <producer regex="u'(_t_)_nukta_?(?:_h__u0_)'" value="(['tau'],['ta','tau','tha','thau'])" />
        <producer regex="u'(?&lt;=_addak_)(_t_)_nukta_?(?:_h__u0_)'" value="(['tau'],['tta','ttau','ththa','ththau'])" />

        <producer regex="u'(?&lt;=_addak_)(_t_)_nukta_?(?!_dot_|_cons_$)'" value="(['tt'],['tt','tta','ththa','thth'])" />
        <producer regex="u'(?&lt;!^)(_t_)_nukta_?(?!_dot_|_cons_$)'" value="(['t'],['t','ta','tha','th'])" />
        <producer regex="u'(?&lt;=_addak_)(_t_)_nukta_?'" value="(['tta'],['tta','ththa'])" />
        <producer regex="u'(_t_)_nukta_?'" value="(['ta'],['ta','tha'])" />
    </features>
    <features unicode="u'\u0a25'" >
        <properties>'th','cons','cons4','aspirated'</properties>
        <producer regex="u'(?&lt;=_addak_)(_th_)_nukta_?(?:_halanth_|_mathra_|$)'" value="(['th'],['thth'])" />
        <producer regex="u'(_th_)_nukta_?(?:_halanth_|_mathra_|$)'" value="(['th'],['th'])" />

        <producer regex="u'(_th_)_nukta_?(?:_h__i0_)'" value="(['thai'],['tha','thai'])" />
        <producer regex="u'(?&lt;=_addak_)(_th_)_nukta_?(?:_h__i0_)'" value="(['thai'],['ththa','ththai'])" />
        <producer regex="u'(_th_)_nukta_?(?:_h__u0_)'" value="(['thau'],['tha','thau'])" />
        <producer regex="u'(?&lt;=_addak_)(_th_)_nukta_?(?:_h__u0_)'" value="(['thau'],['ththa','ththau'])" />

        <producer regex="u'(?&lt;=_addak_)(_th_)_nukta_?(?!_dot_|_cons_$)'" value="(['tha'],['ththa','tth'])" />
        <producer regex="u'(?&lt;!^)(_th_)_nukta_?(?!_dot_|_cons_$)'" value="(['tha'],['tha','th'])" />
        <producer regex="u'(?&lt;=_addak_)(_th_)_nukta_?'" value="(['tha'],['ththa'])" />
        <producer regex="u'(_th_)_nukta_?'" value="(['tha'],['tha'])" />
    </features>
    <features unicode="u'\u0a26'" >
        <properties>'d','cons','cons4','aspirated'</properties>
        <producer regex="u'(?&lt;=_addak_)(_d_)_nukta_?(?:_halanth_|_mathra_|$)'" value="(['d'],['dd'])" />
        <producer regex="u'(_d_)_nukta_?(?:_halanth_|_mathra_|$)'" value="(['d'],['d'])" />

        <producer regex="u'(_d_)_nukta_?(?:_h__i0_)'" value="(['dai'],['da','dai'])" />
        <producer regex="u'(?&lt;=_addak_)(_d_)_nukta_?(?:_h__i0_)'" value="(['dai'],['dda','ddai'])" />
        <producer regex="u'(_d_)_nukta_?(?:_h__u0_)'" value="(['dau'],['da','dau'])" />
        <producer regex="u'(?&lt;=_addak_)(_d_)_nukta_?(?:_h__u0_)'" value="(['dau'],['dda','ddau'])" />

        <producer regex="u'(?&lt;=_addak_)(_d_)_nukta_?(?!_dot_|_cons_$)'" value="(['da'],['dda','dd'])" />
        <producer regex="u'(?&lt;!^)(_d_)_nukta_?(?!_dot_|_cons_$)'" value="(['da'],['da','d'])" />
        <producer regex="u'(?&lt;=_addak_)(_d_)_nukta_?'" value="(['da'],['dda'])" />
        <producer regex="u'(_d_)_nukta_?'" value="(['da'],['da'])" />
    </features>
    <features unicode="u'\u0a27'" >
        <properties>'dh','cons','cons4','aspirated'</properties>
        <producer regex="u'(?&lt;=_addak_)(_dh_)_nukta_?(?:_halanth_|_mathra_|$)'" value="(['dh'],['ddh'])" />
        <producer regex="u'(_dh_)_nukta_?(?:_halanth_|_mathra_|$)'" value="(['dh'],['dh'])" />

        <producer regex="u'(_dh_)_nukta_?(?:_h__i0_)'" value="(['dhai'],['dha','dhai'])" />
        <producer regex="u'(?&lt;=_addak_)(_dh_)_nukta_?(?:_h__i0_)'" value="(['dhai'],['dhdha','dhdhai'])" />
        <producer regex="u'(_dh_)_nukta_?(?:_h__u0_)'" value="(['dhau'],['dha','dhau'])" />
        <producer regex="u'(?&lt;=_addak_)(_dh_)_nukta_?(?:_h__u0_)'" value="(['dhau'],['dhdha','dhdhau'])" />

        <producer regex="u'(?&lt;=_addak_)(_dh_)_nukta_?(?!_dot_|_cons_$)'" value="(['dha'],['dhdha','ddh'])" />
        <producer regex="u'(?&lt;!^)(_dh_)_nukta_?(?!_dot_|_cons_$)'" value="(['dha'],['dha','dh'])" />
        <producer regex="u'(?&lt;=_addak_)(_dh_)_nukta_?'" value="(['dha'],['dhdha'])" />
        <producer regex="u'(_dh_)_nukta_?'" value="(['dha'],['dha'])" />
    </features>
    <features unicode="u'\u0a28'" >
        <properties>'n','cons','cons4','nasal'</properties>
        <producer regex="u'(?&lt;=_addak_)(_n_)_nukta_?(?:_halanth_|_mathra_|$)'" value="(['n'],['nn'])" />
        <producer regex="u'(_n_)_nukta_?(?:_halanth_|_mathra_|$)'" value="(['n'],['n'])" />

        <producer regex="u'(_n_)_nukta_?(?:_h__i0_)'" value="(['nai'],['na','nai'])" />
        <producer regex="u'(?&lt;=_addak_)(_n_)_nukta_?(?:_h__i0_)'" value="(['nai'],['nna','nnai'])" />
        <producer regex="u'(_n_)_nukta_?(?:_h__u0_)'" value="(['nau'],['na','nau'])" />
        <producer regex="u'(?&lt;=_addak_)(_n_)_nukta_?(?:_h__u0_)'" value="(['nau'],['nna','nnau'])" />

        <producer regex="u'(?&lt;=_addak_)(_n_)_nukta_?(?!_dot_|_cons_$)'" value="(['na'],['nna','nn'])" />
        <producer regex="u'(?&lt;!^)(_n_)_nukta_?(?!_dot_|_cons_$)'" value="(['na'],['na','n'])" />
        <producer regex="u'(?&lt;=_addak_)(_n_)_nukta_?'" value="(['na'],['nna'])" />
        <producer regex="u'(_n_)_nukta_?'" value="(['na'],['na'])" />
    </features>
    <features unicode="u'\u0a2a'" >
        <properties>'p','cons','cons5'</properties>
        <producer regex="u'(?&lt;=_addak_)(_p_)_nukta_?(?:_halanth_|_mathra_|$)'" value="(['p'],['pp'])" />
        <producer regex="u'(_p_)_nukta_?(?:_halanth_|_mathra_|$)'" value="(['p'],['p'])" />

        <producer regex="u'(_p_)_nukta_?(?:_h__i0_)'" value="(['pai'],['pa','pai'])" />
        <producer regex="u'(?&lt;=_addak_)(_p_)_nukta_?(?:_h__i0_)'" value="(['pai'],['ppa','ppai'])" />
        <producer regex="u'(_p_)_nukta_?(?:_h__u0_)'" value="(['pau'],['pa','pau'])" />
        <producer regex="u'(?&lt;=_addak_)(_p_)_nukta_?(?:_h__u0_)'" value="(['pau'],['ppa','ppau'])" />

        <producer regex="u'(?&lt;=_addak_)(_p_)_nukta_?(?!_dot_|_cons_$)'" value="(['pa'],['ppa','pp'])" />
        <producer regex="u'(?&lt;!^)(_p_)_nukta_?(?!_dot_|_cons_$)'" value="(['pa'],['pa','p'])" />
        <producer regex="u'(?&lt;=_addak_)(_p_)_nukta_?'" value="(['pa'],['ppa'])" />
        <producer regex="u'(_p_)_nukta_?'" value="(['pa'],['pa'])" />
    </features>
    <features unicode="u'\u0a2b'" >
        <properties>'ph','cons','cons5','aspirated'</properties>
        <producer regex="u'(?&lt;=_addak_)(_ph_)_nukta_?(?:_halanth_|_mathra_|$)'" value="(['f'],['ff'])" />
        <producer regex="u'(_ph_)_nukta_?(?:_halanth_|_mathra_|$)'" value="(['f'],['f'])" />

        <producer regex="u'(_ph_)_nukta_?(?:_h__i0_)'" value="(['fai'],['fa','fai'])" />
        <producer regex="u'(?&lt;=_addak_)(_ph_)_nukta_?(?:_h__i0_)'" value="(['fai'],['ffa','ffai'])" />
        <producer regex="u'(_ph_)_nukta_?(?:_h__u0_)'" value="(['fau'],['fa','fau'])" />
        <producer regex="u'(?&lt;=_addak_)(_ph_)_nukta_?(?:_h__u0_)'" value="(['fau'],['ffa','ffau'])" />

        <producer regex="u'(?&lt;=_addak_)(_ph_)_nukta_?(?!_dot_|_cons_$)'" value="(['fa'],['ffa','ff'])" />
        <producer regex="u'(?&lt;!^)(_ph_)_nukta_?(?!_dot_|_cons_$)'" value="(['fa'],['fa','f'])" />
        <producer regex="u'(?&lt;=_addak_)(_ph_)_nukta_?'" value="(['fa'],['ffa'])" />
        <producer regex="u'(_ph_)_nukta_?'" value="(['fa'],['fa'])" />
    </features>
    <features unicode="u'\u0a2c'" >
        <properties>'b','cons','cons5'</properties>
        <producer regex="u'(?&lt;=_addak_)(_b_)_nukta_?(?:_halanth_|_mathra_|$)'" value="(['b'],['bb'])" />
        <producer regex="u'(_b_)_nukta_?(?:_halanth_|_mathra_|$)'" value="(['b'],['b'])" />

        <producer regex="u'(_b_)_nukta_?(?:_h__i0_)'" value="(['bai'],['ba','bai'])" />
        <producer regex="u'(?&lt;=_addak_)(_b_)_nukta_?(?:_h__i0_)'" value="(['bai'],['bba','bbai'])" />
        <producer regex="u'(_b_)_nukta_?(?:_h__u0_)'" value="(['bau'],['ba','bau'])" />
        <producer regex="u'(?&lt;=_addak_)(_b_)_nukta_?(?:_h__u0_)'" value="(['bau'],['bba','bbau'])" />

        <producer regex="u'(?&lt;=_addak_)(_b_)_nukta_?(?!_dot_|_cons_$)'" value="(['ba'],['bba','bb'])" />
        <producer regex="u'(?&lt;!^)(_b_)_nukta_?(?!_dot_|_cons_$)'" value="(['ba'],['ba','b'])" />
        <producer regex="u'(?&lt;=_addak_)(_b_)_nukta_?'" value="(['ba'],['bba'])" />
        <producer regex="u'(_b_)_nukta_?'" value="(['ba'],['ba'])" />
    </features>
    <features unicode="u'\u0a2d'" >
        <properties>'bh','cons','cons5','aspirated'</properties>
        <producer regex="u'(?&lt;=_addak_)(_bh_)_nukta_?(?:_halanth_|_mathra_|$)'" value="(['bh'],['bhbh'])" />
        <producer regex="u'(_bh_)_nukta_?(?:_halanth_|_mathra_|$)'" value="(['bh'],['bh'])" />

        <producer regex="u'(_bh_)_nukta_?(?:_h__i0_)'" value="(['bhai'],['bha','bhai'])" />
        <producer regex="u'(?&lt;=_addak_)(_bh_)_nukta_?(?:_h__i0_)'" value="(['bhai'],['bhbha','bhbhai'])" />
        <producer regex="u'(_bh_)_nukta_?(?:_h__u0_)'" value="(['bhau'],['bha','bhau'])" />
        <producer regex="u'(?&lt;=_addak_)(_bh_)_nukta_?(?:_h__u0_)'" value="(['bhau'],['bhbha','bhbhau'])" />

        <producer regex="u'(?&lt;=_addak_)(_bh_)_nukta_?(?!_dot_|_cons_$)'" value="(['bha'],['bhbha','bbh'])" />
        <producer regex="u'(?&lt;!^)(_bh_)_nukta_?(?!_dot_|_cons_$)'" value="(['bha'],['bha','bh'])" />
        <producer regex="u'(?&lt;=_addak_)(_bh_)_nukta_?'" value="(['bha'],['bhbha'])" />
        <producer regex="u'(_bh_)_nukta_?'" value="(['bha'],['bha'])" />
    </features>
    <features unicode="u'\u0a2e'" >
        <properties>'m','cons','cons5','nasal'</properties>
        <producer regex="u'(?&lt;=_addak_)(_m_)_nukta_?(?:_halanth_|_mathra_|$)'" value="(['m'],['mm'])" />
        <producer regex="u'(_m_)_nukta_?(?:_halanth_|_mathra_|$)'" value="(['m'],['m'])" />

        <producer regex="u'(_m_)_nukta_?(?:_h__i0_)'" value="(['mai'],['ma','mai'])" />
        <producer regex="u'(?&lt;=_addak_)(_m_)_nukta_?(?:_h__i0_)'" value="(['mai'],['mma','mmai'])" />
        <producer regex="u'(_m_)_nukta_?(?:_h__u0_)'" value="(['mau'],['ma','mau'])" />
        <producer regex="u'(?&lt;=_addak_)(_m_)_nukta_?(?:_h__u0_)'" value="(['mau'],['mma','mmau'])" />

        <producer regex="u'(?&lt;=_addak_)(_m_)_nukta_?(?!_dot_|_cons_$)'" value="(['ma'],['mma','mm'])" />
        <producer regex="u'(?&lt;!^)(_m_)_nukta_?(?!_dot_|_cons_$)'" value="(['ma'],['ma','m'])" />
        <producer regex="u'(?&lt;=_addak_)(_m_)_nukta_?'" value="(['ma'],['mma'])" />
        <producer regex="u'(_m_)_nukta_?'" value="(['ma'],['ma'])" />
    </features>
    <features unicode="u'\u0a2f'" >
        <properties>'y','cons','semi-vowel'</properties>
        <producer regex="u'(?&lt;=_addak_)(_y_)_nukta_?(?:_halanth_|_mathra_|$)'" value="(['y'],['yy'])" />
        <producer regex="u'(_y_)_nukta_?(?:_halanth_|_mathra_|$)'" value="(['y'],['y'])" />

        <producer regex="u'(_y_)_nukta_?(?:_h__i0_)'" value="(['yai'],['ya','yai'])" />
        <producer regex="u'(?&lt;=_addak_)(_y_)_nukta_?(?:_h__i0_)'" value="(['yai'],['yya','yyai'])" />
        <producer regex="u'(_y_)_nukta_?(?:_h__u0_)'" value="(['yau'],['ya','yau'])" />
        <producer regex="u'(?&lt;=_addak_)(_y_)_nukta_?(?:_h__u0_)'" value="(['yau'],['yya','yyau'])" />

        <producer regex="u'(?&lt;=_addak_)(_y_)_nukta_?(?!_dot_|_cons_$)'" value="(['ya'],['yya','yy'])" />
        <producer regex="u'(?&lt;!^)(_y_)_nukta_?(?!_dot_|_cons_$)'" value="(['ya'],['ya','y'])" />
        <producer regex="u'(?&lt;=_addak_)(_y_)_nukta_?'" value="(['ya'],['yya'])" />
        <producer regex="u'(_y_)_nukta_?'" value="(['ya'],['ya'])" />
    </features>
    <features unicode="u'\u0a30'" >
        <properties>'r','cons','semi-vowel'</properties>
        <producer regex="u'(?&lt;=_addak_)(_r_)_nukta_?(?:_halanth_|_mathra_|$)'" value="(['r'],['rr'])" />
        <producer regex="u'(_r_)_nukta_?(?:_halanth_|_mathra_|$)'" value="(['r'],['r'])" />

        <producer regex="u'(_r_)_nukta_?(?:_h__i0_)'" value="(['rai'],['ra','rai'])" />
        <producer regex="u'(?&lt;=_addak_)(_r_)_nukta_?(?:_h__i0_)'" value="(['rai'],['rra','rrai'])" />
        <producer regex="u'(_r_)_nukta_?(?:_h__u0_)'" value="(['rau'],['ra','rau'])" />
        <producer regex="u'(?&lt;=_addak_)(_r_)_nukta_?(?:_h__u0_)'" value="(['rau'],['rra','rrau'])" />

        <producer regex="u'(?&lt;=_addak_)(_r_)_nukta_?(?!_dot_|_cons_$)'" value="(['ra'],['rra','rr'])" />
        <producer regex="u'(?&lt;!^)(_r_)_nukta_?(?!_dot_|_cons_$)'" value="(['ra'],['ra','r'])" />
        <producer regex="u'(?&lt;=_addak_)(_r_)_nukta_?'" value="(['ra'],['rra'])" />
        <producer regex="u'(_r_)_nukta_?'" value="(['ra'],['ra'])" />
    </features>
    <features unicode="u'\u0a32'" >
        <properties>'l','cons','semi-vowel'</properties>
        <producer regex="u'(?&lt;=_addak_)(_l_)_nukta_?(?:_halanth_|_mathra_|$)'" value="(['l'],['ll'])" />
        <producer regex="u'(_l_)_nukta_?(?:_halanth_|_mathra_|$)'" value="(['l'],['l'])" />

        <producer regex="u'(_l_)_nukta_?(?:_h__i0_)'" value="(['lai'],['la','lai'])" />
        <producer regex="u'(?&lt;=_addak_)(_l_)_nukta_?(?:_h__i0_)'" value="(['lai'],['lla','llai'])" />
        <producer regex="u'(_l_)_nukta_?(?:_h__u0_)'" value="(['lau'],['la','lau'])" />
        <producer regex="u'(?&lt;=_addak_)(_l_)_nukta_?(?:_h__u0_)'" value="(['lau'],['lla','llau'])" />

        <producer regex="u'(?&lt;=_addak_)(_l_)_nukta_?(?!_dot_|_cons_$)'" value="(['la'],['lla','ll'])" />
        <producer regex="u'(?&lt;!^)(_l_)_nukta_?(?!_dot_|_cons_$)'" value="(['la'],['la','l'])" />
        <producer regex="u'(?&lt;=_addak_)(_l_)_nukta_?'" value="(['la'],['lla'])" />
        <producer regex="u'(_l_)_nukta_?'" value="(['la'],['la'])" />
    </features>
    <features unicode="u'\u0a33'" >
        <properties>'L','cons','semi-vowel'</properties>
        <producer regex="u'(?&lt;=_addak_)(_L_)_nukta_?(?:_halanth_|_mathra_|$)'" value="(['L'],['ll'])" />
        <producer regex="u'(_L_)_nukta_?(?:_halanth_|_mathra_|$)'" value="(['L'],['l'])" />

        <producer regex="u'(_L_)_nukta_?(?:_h__i0_)'" value="(['Lai'],['la','lai'])" />
        <producer regex="u'(?&lt;=_addak_)(_L_)_nukta_?(?:_h__i0_)'" value="(['Lai'],['lla','llai'])" />
        <producer regex="u'(_L_)_nukta_?(?:_h__u0_)'" value="(['Lau'],['la','lau'])" />
        <producer regex="u'(?&lt;=_addak_)(_L_)_nukta_?(?:_h__u0_)'" value="(['Lau'],['lla','llau'])" />

        <producer regex="u'(?&lt;=_addak_)(_L_)_nukta_?(?!_dot_|_cons_$)'" value="(['La'],['lla','ll'])" />
        <producer regex="u'(?&lt;!^)(_L_)_nukta_?(?!_dot_|_cons_$)'" value="(['La'],['la','l'])" />
        <producer regex="u'(?&lt;=_addak_)(_L_)_nukta_?'" value="(['La'],['lla'])" />
        <producer regex="u'(_L_)_nukta_?'" value="(['La'],['la'])" />
    </features>
    <features unicode="u'\u0a35'" >
        <properties>'v','cons','semi-vowel'</properties>
        <producer regex="u'(?&lt;=_addak_)(_v_)_nukta_?(?:_halanth_|_mathra_|$)'" value="(['v'],['vv'])" />
        <producer regex="u'(_v_)_nukta_?(?:_halanth_|_mathra_|$)'" value="(['v'],['v'])" />

        <producer regex="u'(_v_)(?:_h__i0_)'" value="(['vai'],['va','vai'])" />
        <producer regex="u'(?&lt;=_addak_)(_v_)_nukta_?(?:_h__i0_)'" value="(['vai'],['vva','vvai'])" />
        <producer regex="u'(_v_)_nukta_?(?:_h__u0_)'" value="(['vau'],['va','vau'])" />
        <producer regex="u'(?&lt;=_addak_)(_v_)_nukta_?(?:_h__u0_)'" value="(['vau'],['vva','vvau'])" />

        <producer regex="u'(?&lt;=_addak_)(_v_)_nukta_?(?!_dot_|_cons_$)'" value="(['va'],['vva','vv'])" />
        <producer regex="u'(?&lt;!^)(_v_)_nukta_?(?!_dot_|_cons_$)'" value="(['va'],['va','v'])" />
        <producer regex="u'(?&lt;=_addak_)(_v_)_nukta_?'" value="(['va'],['vva'])" />
        <producer regex="u'(_v_)_nukta_?'" value="(['va'],['va'])" />
    </features>
    <features unicode="u'\u0a36'" >
        <properties>'sh','cons','cons6'</properties>
        <producer regex="u'(?&lt;=_addak_)(_sh_)_nukta_?(?:_halanth_|_mathra_|$)'" value="(['sh'],['shsh'])" />
        <producer regex="u'(_sh_)_nukta_?(?:_halanth_|_mathra_|$)'" value="(['sh'],['sh'])" />

        <producer regex="u'(_sh_)_nukta_?(?:_h__i0_)'" value="(['shai'],['sha','shai'])" />
        <producer regex="u'(?&lt;=_addak_)(_sh_)_nukta_?(?:_h__i0_)'" value="(['shai'],['shsha','shshai'])" />
        <producer regex="u'(_sh_)_nukta_?(?:_h__u0_)'" value="(['shau'],['sha','shau'])" />
        <producer regex="u'(?&lt;=_addak_)(_sh_)_nukta_?(?:_h__u0_)'" value="(['shau'],['shsha','shshau'])" />

        <producer regex="u'(?&lt;=_addak_)(_sh_)_nukta_?(?!_dot_|_cons_$)'" value="(['sha'],['shsha','ssh'])" />
        <producer regex="u'(?&lt;!^)(_sh_)_nukta_?(?!_dot_|_cons_$)'" value="(['sha'],['sha','sh'])" />
        <producer regex="u'(?&lt;=_addak_)(_sh_)_nukta_?'" value="(['sha'],['shsha'])" />
        <producer regex="u'(_sh_)_nukta_?'" value="(['sha'],['sha'])" />
    </features>
    <!--features unicode="u'\u0a37'" >
        <properties>'Sh','cons','cons6'</properties>
        <producer regex="u'(_Sh_)_nukta_?(?:_halanth_|_mathra_|$)'" value="(['Sh'],['sh'])" />
        <producer regex="u'(?&lt;!^)(_Sh_)_nukta_?(?!_dot_|_cons_$)'" value="(['Sha'],['sha','sh'])" />
        <producer regex="u'(_Sh_)_nukta_?'" value="(['Sha'],['sha'])" />
    </features-->
    <features unicode="u'\u0a38'" >
        <properties>'s','cons','cons6'</properties>
        <producer regex="u'(?&lt;=_addak_)(_s_)(?:_halanth_|_mathra_|$)'" value="(['s'],['ss'])" />
        <producer regex="u'(_s_)(?:_halanth_|_mathra_|$)'" value="(['s'],['s'])" />

        <producer regex="u'(_s_)(?:_h__i0_)'" value="(['sai'],['sa','sai'])" />
        <producer regex="u'(?&lt;=_addak_)(_s_)(?:_h__i0_)'" value="(['sai'],['ssa','ssai'])" />
        <producer regex="u'(_s_)(?:_h__u0_)'" value="(['sau'],['sa','sau'])" />
        <producer regex="u'(?&lt;=_addak_)(_s_)(?:_h__u0_)'" value="(['sau'],['ssa','ssau'])" />

        <producer regex="u'(?&lt;=_addak_)(_s_)(?!_dot_|_cons_$)'" value="(['sa'],['ssa','ss'])" />
        <producer regex="u'(?&lt;!^)(_s_)(?!_dot_|_cons_$)'" value="(['sa'],['sa','s'])" />
        <producer regex="u'(?&lt;=_addak_)(_s_)'" value="(['sa'],['ssa'])" />
        <producer regex="u'(_s_)'" value="(['sa'],['sa'])" />


        <producer regex="u'(?&lt;=_addak_)(_s_)_nukta_(?:_halanth_|_mathra_|$)'" value="(['sh'],['shsh'])" />
        <producer regex="u'(_s_)_nukta_(?:_halanth_|_mathra_|$)'" value="(['sh'],['sh'])" />

        <producer regex="u'(_s_)_nukta_(?:_h__i0_)'" value="(['shai'],['sha','shai'])" />
        <producer regex="u'(?&lt;=_addak_)(_s_)_nukta_(?:_h__i0_)'" value="(['shai'],['shsha','shshai'])" />
        <producer regex="u'(_s_)_nukta_(?:_h__u0_)'" value="(['shau'],['sha','shau'])" />
        <producer regex="u'(?&lt;=_addak_)(_s_)_nukta_(?:_h__u0_)'" value="(['shau'],['shsha','shshau'])" />

        <producer regex="u'(?&lt;=_addak_)(_s_)_nukta_(?!_dot_|_cons_$)'" value="(['sa'],['shsha','shsh'])" />
        <producer regex="u'(?&lt;!^)(_s_)_nukta_(?!_dot_|_cons_$)'" value="(['sha'],['sha','sh'])" />
        <producer regex="u'(?&lt;=_addak_)(_s_)_nukta_'" value="(['sha'],['shsha'])" />
        <producer regex="u'(_s_)_nukta_'" value="(['sha'],['sha'])" />
    </features>
    <features unicode="u'\u0a39'" >
        <properties>'h','cons','cons6'</properties>
        <producer regex="u'(?&lt;=_addak_)(_h_)_nukta_?(?:_halanth_|_mathra_|$)'" value="(['h'],['hh'])" />
        <producer regex="u'(_h_)_nukta_?(?:_halanth_|_mathra_|$)'" value="(['h'],['h'])" />

        <producer regex="u'(&lt;=_cons__nukta_?)(_h_)_nukta_?(?:_i0_)'" value="(['ha'],['h',''])" />
        <producer regex="u'(&lt;=_cons__nukta_?)(_h_)_nukta_?(?:_u0_)'" value="(['ha'],['h',''])" />

        <producer regex="u'(_h_)_nukta_?(?:_h__i0_)'" value="(['hai'],['ha','hai'])" />
        <producer regex="u'(?&lt;=_addak_)(_h_)_nukta_?(?:_h__i0_)'" value="(['hai'],['hha','hhai'])" />
        <producer regex="u'(_h_)_nukta_?(?:_h__u0_)'" value="(['hau'],['ha','hau'])" />
        <producer regex="u'(?&lt;=_addak_)(_h_)_nukta_?(?:_h__u0_)'" value="(['hau'],['hha','hhau'])" />

        <producer regex="u'(?&lt;=_addak_)(_h_)_nukta_?(?!_dot_|_cons_$)'" value="(['ha'],['hha','hh'])" />
        <producer regex="u'(?&lt;!^)(_h_)_nukta_?(?!_dot_|_cons_$)'" value="(['ha'],['ha','h'])" />
        <producer regex="u'(?&lt;=_addak_)(_h_)_nukta_?'" value="(['ha'],['hha'])" />
        <producer regex="u'(_h_)_nukta_?'" value="(['ha'],['ha'])" />
    </features>
    <features unicode="u'\u0a3c'" >
        <properties>'nukta'</properties>
        <producer regex="u'(_nukta_)'" value="([''],[''])" />
    </features>
    <features unicode="u'\u0a3e'" >
        <properties>'A0','mathra','long'</properties>
        <producer regex="u'(_A0_)'" value="(['A'],['A','a'])" />
    </features>
    <features unicode="u'\u0a3f'" >
        <properties>'i0','mathra','short'</properties>
        <producer regex="u'(?&lt;=_h_)(_i0_)'" value="(['i'],['','i'])" />
        <producer regex="u'(_i0_)(?:_h_)'" value="(['i'],['i','e'])" />
        <producer regex="u'(_i0_)'" value="(['i'],['i'])" />
    </features>
    <features unicode="u'\u0a40'" >
        <properties>'I0','mathra','long'</properties>
        <producer regex="u'(_I0_)'" value="(['I'],['I','i'])" />
    </features>
    <features unicode="u'\u0a41'" >
        <properties>'u0','mathra','short'</properties>
        <producer regex="u'(?&lt;=_h_)(_u0_)'" value="(['u'],['','u'])" />
        <producer regex="u'(_u0_)(?:_h_)'" value="(['u'],['u','o'])" />
        <producer regex="u'(_u0_)'" value="(['u'],['u'])" />
    </features>
    <features unicode="u'\u0a42'" >
        <properties>'U0','mathra','long'</properties>
        <producer regex="u'(_U0_)'" value="(['U'],['U','u'])" />
    </features>
    <!--features unicode="u'\u0a43'" >
        <properties>'RRi0','mathra','short'</properties>
        <producer regex="u'(_RRi0_)'" value="(['RRi'],['ri','ru'])" />
    </features>
    <features unicode="u'\u0a44'" >
        <properties>'RRI0','mathra','long'</properties>
        <producer regex="u'(_RRI0_)'" value="(['RRI'],['roo'])" />
    </features>
    <features unicode="u'\u0a45'" >
        <properties>'e0','mathra','short'</properties>
        <producer regex="u'(_e0_)'" value="(['e'],['e'])" />
    </features>
    <features unicode="u'\u0a46'" >
        <properties>'e0','mathra','short'</properties>
        <producer regex="u'(_e0_)'" value="(['e'],['e'])" />
    </features-->
    <features unicode="u'\u0a47'" >
        <properties>'E0','mathra','short'</properties>
        <producer regex="u'(_E0_)'" value="(['e'],['e'])" />
    </features>
    <features unicode="u'\u0a48'" >
        <properties>'ai0','mathra','long'</properties>
        <producer regex="u'(?&lt;=_cons_)(_ai0_)(?=_cons_)'" value="(['ai'],['ai','y'])" />
        <producer regex="u'(_ai0_)'" value="(['ai'],['ai'])" />
    </features>
    <!--features unicode="u'\u0a49'" >
        <properties>'o0','mathra','short'</properties>
        <producer regex="u'(_o0_)'" value="(['o'],['o'])" />
    </features>
    <features unicode="u'\u0a4a'" >
        <properties>'o0','mathra','short'</properties>
        <producer regex="u'(_o0_)'" value="(['o'],['o'])" />
    </features-->
    <features unicode="u'\u0a4b'" >
        <properties>'O0','mathra','long'</properties>
        <producer regex="u'(_O0_)'" value="(['o'],['o'])" />
    </features>
    <features unicode="u'\u0a4c'" >
        <properties>'au0','mathra','long'</properties>
        <producer regex="u'(_au0_)'" value="(['au'],['ou'])" />
    </features>
    <features unicode="u'\u0a4d'" >
        <properties>'halanth'</properties>
        <producer regex="u'(_halanth_)'" value="([''],[''])" />
    </features>

    <features unicode="u'\u0a5c'" >
        <properties>'rh','cons','semi-vowel'</properties>
        <producer regex="u'(?&lt;=_addak_)(_rh_)_nukta_?(?:_halanth_|_mathra_|$)'" value="(['rh'],['rrh','rr'])" />
        <producer regex="u'(_rh_)_nukta_?(?:_halanth_|_mathra_|$)'" value="(['rh'],['rh','r'])" />

        <producer regex="u'(_rh_)_nukta_?(?:_h__i0_)'" value="(['rhai'],['rhai','rai'])" />
        <producer regex="u'(?&lt;=_addak_)(_rh_)_nukta_?(?:_h__i0_)'" value="(['rhai'],['rrhai','rrai'])" />
        <producer regex="u'(_rh_)_nukta_?(?:_h__u0_)'" value="(['rhau'],['rhau'])" />
        <producer regex="u'(?&lt;=_addak_)(_rh_)_nukta_?(?:_h__u0_)'" value="(['rhau'],['rrhau','rrau'])" />

        <producer regex="u'(?&lt;=_addak_)(_rh_)_nukta_?(?!_dot_|_cons_$)'" value="(['rha'],['rrha','rrh','rra','rr'])" />
        <producer regex="u'(?&lt;!^)(_rh_)_nukta_?(?!_dot_|_cons_$)'" value="(['rha'],['rha','rh','ra','r'])" />
        <producer regex="u'(?&lt;=_addak_)(_rh_)_nukta_?'" value="(['rha'],['rrha','rra'])" />
        <producer regex="u'(_rh_)_nukta_?'" value="(['rha'],['rha','ra'])" />
    </features>

    <features unicode="u'\u0a70'" >
        <properties>'.N1','tippi','dot'</properties>
        <producer regex="u'(_.N1_)'" value="(['.N'],['n'])" />
    </features>
    <features unicode="u'\u0a71'" >
        <properties>'addak'</properties>
        <producer regex="u'(_addak_)'" value="([''],[''])" />
    </features>

    <!--
    <features unicode="u'\u0a01'" >
        <properties>'.N','chandra-bindu','dot'</properties>
        <producer regex="u'(_.N_)'" value="(['.N'],['n','m'])" />
    </features>
    -->

    <features unicode="u'\u0a74'" >
        <properties>'Onkar'</properties>
        <producer regex="u'(_Onkar_)'" value="(['OM'],['om'])" />
    </features>
    <features unicode="u'\u0a66'" >
        <properties>'0','digit'</properties>
        <producer regex="u'(_0_)'" value="(['0'],['0'])" />
    </features>
    <features unicode="u'\u0a67'" >
        <properties>'1','digit'</properties>
        <producer regex="u'(_1_)'" value="(['1'],['1'])" />
    </features>
    <features unicode="u'\u0a68'" >
        <properties>'2','digit'</properties>
        <producer regex="u'(_2_)'" value="(['2'],['2'])" />
    </features>
    <features unicode="u'\u0a69'" >
        <properties>'3','digit'</properties>
        <producer regex="u'(_3_)'" value="(['3'],['3'])" />
    </features>
    <features unicode="u'\u0a6a'" >
        <properties>'4','digit'</properties>
        <producer regex="u'(_4_)'" value="(['4'],['4'])" />
    </features>
    <features unicode="u'\u0a6b'" >
        <properties>'5','digit'</properties>
        <producer regex="u'(_5_)'" value="(['5'],['5'])" />
    </features>
    <features unicode="u'\u0a6c'" >
        <properties>'6','digit'</properties>
        <producer regex="u'(_6_)'" value="(['6'],['6'])" />
    </features>
    <features unicode="u'\u0a6d'" >
        <properties>'7','digit'</properties>
        <producer regex="u'(_7_)'" value="(['7'],['7'])" />
    </features>
    <features unicode="u'\u0a6e'" >
        <properties>'8','digit'</properties>
        <producer regex="u'(_8_)'" value="(['8'],['8'])" />
    </features>
    <features unicode="u'\u0a6f'" >
        <properties>'9','digit'</properties>
        <producer regex="u'(_9_)'" value="(['9'],['9'])" />
    </features>
</Quill>
